branch-instructions,branch-misses,bus-cycles,cache-misses,cache-references,cpu-cycles,instructions,ref-cycles,L1-dcache-load-misses,L1-dcache-loads,L1-dcache-stores,L1-icache-load-misses,LLC-loads,LLC-stores,branch-load-misses,dTLB-load-misses,dTLB-loads,dTLB-store-misses,dTLB-stores,iTLB-load-misses,label
16290,2263,9565,26728,35369,318069,72894,1195500,3254,19335,12102,0,0,0,0,0,0,0,0,0,0
16292,2123,9224,26944,33828,306726,72921,1152750,3251,19340,12094,0,0,0,0,0,0,0,0,0,0
16268,2129,8267,25864,35131,312366,72827,1033375,3213,19315,12095,0,0,0,0,0,0,0,0,0,0
16644,2158,9552,28699,34791,317684,74817,1194000,3346,19900,12479,0,0,0,0,0,0,0,0,0,0
18850,2366,9971,21323,37974,331669,87031,1246500,3836,23504,14484,0,0,0,0,0,0,0,0,0,0
16511,2211,9252,26097,35204,307720,74280,1156250,3273,19669,12342,0,0,0,0,0,0,0,0,0,0
16415,2177,9568,29218,34973,318154,73798,1195875,3267,19452,12177,0,0,0,0,0,0,0,0,0,0
17201,2346,9639,24787,37973,320536,77948,1204625,3310,20672,12911,0,0,0,0,0,0,0,0,0,0
16270,2242,9028,23949,36078,300252,72806,1128500,3199,19313,12088,0,0,0,0,0,0,0,0,0,0
16257,2115,8699,21165,32709,289269,72780,1087500,3089,19305,12080,0,0,0,0,0,0,0,0,0,0
16641,2194,9475,28014,35521,315187,74762,1184500,3365,19896,12478,0,0,0,0,0,0,0,0,0,0
16273,2197,9322,28242,37194,310019,72815,1165250,3204,19314,12092,0,0,0,0,0,0,0,0,0,0
16520,2127,9279,27852,35495,308568,74398,1159750,3259,19677,12351,0,0,0,0,0,0,0,0,0,0
17129,2319,9715,26879,36425,323078,77499,1214500,3560,20782,12813,0,0,0,0,0,0,0,0,0,0
16312,2251,9045,24212,36091,300768,73053,1130750,3239,19379,12131,0,0,0,0,0,0,0,0,0,0
16542,2194,8658,26965,34045,327731,74391,1082250,3207,19693,12366,0,0,0,0,0,0,0,0,0,0
16283,2178,8928,27018,35500,296893,72863,1115875,3305,19324,12103,0,0,0,0,0,0,0,0,0,0
16615,2304,9455,28383,36064,314517,75114,1182000,3281,19773,12410,0,0,0,0,0,0,0,0,0,0
16403,2270,10162,31647,37844,337990,73751,1270375,3212,19441,12177,0,0,0,0,0,0,0,0,0,0
16443,2243,8487,30185,36364,384022,73896,1061000,3259,19474,12199,0,0,0,0,0,0,0,0,0,0
16284,2183,8596,25427,35551,309419,72887,1074375,3260,19331,12099,0,0,0,0,0,0,0,0,0,0
17279,2357,9873,30285,38122,328331,78439,1234000,3388,20905,13079,20703,0,0,0,0,0,0,0,0,0
19949,2612,11003,29761,38350,365905,92582,1375375,3749,24667,14989,0,0,0,0,0,0,0,0,0,0
16269,2210,8948,24250,35900,297630,72819,1118500,3183,19316,12092,0,0,0,0,0,0,0,0,0,0
16281,2142,8866,23636,34522,294841,72832,1108250,3219,19314,12099,0,0,0,0,0,0,0,0,0,0
16282,2170,9232,23612,35055,307043,72872,1153875,3219,19323,12101,0,0,0,0,0,0,0,0,0,0
16474,2173,9179,25656,35918,305243,74158,1147375,3290,19644,12324,0,0,0,0,0,0,0,0,0,0
17047,2227,8915,23417,36228,296483,76962,1114625,3459,20629,12726,0,0,0,0,0,0,0,0,0,0
16432,2265,9031,22045,35829,300277,73848,1128625,3217,19460,12182,0,0,0,0,0,0,0,0,0,0
17439,2369,9637,25720,38248,320516,79863,1204750,3560,21167,13085,0,0,0,0,0,0,0,0,0,0
15332,2431,10398,28376,37900,345879,82466,1300000,3566,21933,13668,23260,0,0,0,0,0,0,0,0,0
19442,2566,10344,29713,38904,344005,87731,1292750,3734,23170,14159,0,0,0,0,0,0,0,0,0,0
17601,2209,9596,23569,35112,485107,79976,1199375,3486,21361,13197,0,0,0,0,0,0,0,0,0,0
17904,2563,11925,32749,43150,432224,81933,1490750,3834,21672,13573,0,0,0,0,0,0,0,0,0,0
16313,2237,9615,26132,35890,319805,72973,1202000,3265,19350,12114,0,0,0,0,0,0,0,0,0,0
16292,2219,8229,24215,35427,321415,72888,1028875,3241,19327,12105,0,0,0,0,0,0,0,0,0,0
16293,2223,8575,25393,35349,317268,72922,1071875,3130,19339,12110,0,0,0,0,0,0,0,0,0,0
16590,2246,7537,26446,37315,361169,74998,942375,3270,19746,12395,0,0,0,0,0,0,0,0,0,0
16278,2235,9067,25567,37324,301488,72850,1133125,3313,19323,12097,0,0,0,0,0,0,0,0,0,0
12667,2080,8834,24688,34007,310908,77814,1104250,3449,20813,13030,21274,0,0,0,0,0,0,0,0,0
16622,2219,9481,27590,34162,315289,75126,1185125,3196,19778,12409,0,0,0,0,0,0,0,0,0,0
16405,2156,9227,26311,34470,306862,73747,1153250,3204,19437,12171,0,0,0,0,0,0,0,0,0,0
17198,2314,6741,24574,36469,412818,77984,842625,3468,20890,12926,0,0,0,0,0,0,0,0,0,0
16629,2124,9276,24772,34407,308420,74727,1159375,3228,19879,12466,0,0,0,0,0,0,0,0,0,0
17011,2247,10068,27331,36347,334823,76812,1258625,3621,20593,12707,0,0,0,0,0,0,0,0,0,0
17106,2267,7632,27175,36420,355096,77509,954250,3515,20784,12825,0,0,0,0,0,0,0,0,0,0
17713,2289,8852,26289,36621,333856,76886,1106875,3407,20535,12816,19255,0,0,0,0,0,0,0,0,0
17265,2353,9197,27459,38103,356062,78031,1149250,3382,20865,13027,0,0,0,0,0,0,0,0,0,0
16414,2153,9412,25837,33902,313018,73779,1176375,3154,19445,12182,0,0,0,0,0,0,0,0,0,0
16294,2140,8829,24038,35367,293629,72918,1103250,3225,19340,12100,0,0,0,0,0,0,0,0,0,0
729087,25173,44230,90499,302217,5792273,4697580,5529125,71554,1279168,670962,200761,0,0,0,0,0,0,0,0,0
16411,2274,9507,27286,36113,316096,73770,1188125,3197,19440,12178,0,0,0,0,0,0,0,0,0,0
16398,2296,9732,28544,36788,323624,73726,1216500,3214,19434,12171,0,0,0,0,0,0,0,0,0,0
9714,2358,9719,25676,38742,323241,80082,1215125,3536,21413,13334,24837,0,0,0,0,0,0,0,0,0
16429,2109,8758,20327,35073,291324,73842,1095000,3277,19465,12180,0,0,0,0,0,0,0,0,0,0
16284,2214,9000,28250,35936,299263,72881,1124625,3128,19328,12097,0,0,0,0,0,0,0,0,0,0
17129,2270,9343,24348,36514,314538,77560,1167875,3498,20553,12845,0,0,0,0,0,0,0,0,0,0
16308,2199,8753,23971,34168,291086,72958,1094250,3170,19350,12107,0,0,0,0,0,0,0,0,0,0
16403,2203,9427,27907,35164,313449,73755,1178250,3152,19443,12163,0,0,0,0,0,0,0,0,0,0
16299,2105,7316,22293,35863,379702,72919,914500,3330,19335,12097,0,0,0,0,0,0,0,0,0,0
16269,2183,9425,27063,35674,313421,72831,1178375,3160,19317,12096,0,0,0,0,0,0,0,0,0,0
4181268,38871,77612,103393,395908,13169603,16516044,9701500,99994,3569421,1759640,0,0,0,0,0,0,0,0,0,0
17056,2170,9696,28827,34594,322519,77317,1212625,3450,20619,12731,0,0,0,0,0,0,0,0,0,0
16260,2130,7323,25532,36481,351023,72779,915500,3295,19300,12091,0,0,0,0,0,0,0,0,0,0
16287,2156,9370,24778,35793,311554,72885,1171125,3238,19329,12099,0,0,0,0,0,0,0,0,0,0
16881,2298,9404,27200,35691,312775,76125,1175625,3181,20321,12702,0,0,0,0,0,0,0,0,0,0
16933,2327,9917,29004,37528,329749,76368,1239250,3382,20377,12728,0,0,0,0,0,0,0,0,0,0
16922,2290,8089,28766,36571,375499,76719,1010875,3349,20155,12663,0,0,0,0,0,0,0,0,0,0
16301,1977,8429,25604,34021,328900,72939,1053250,3186,19340,12115,0,0,0,0,0,0,0,0,0,0
16268,2105,9078,28728,34829,301915,72799,1135000,3195,19309,12092,0,0,0,0,0,0,0,0,0,0
11611,2226,7180,24490,36471,390072,77127,897250,3502,20587,12857,29796,0,0,0,0,0,0,0,0,0
16621,2142,9219,27930,33457,306528,75117,1152000,3117,19777,12413,0,0,0,0,0,0,0,0,0,0
16383,2232,9087,24131,36165,302216,73658,1136000,3262,19417,12162,0,0,0,0,0,0,0,0,0,0
17402,2297,9057,25852,37927,343750,78422,1132250,3540,20916,13107,20938,0,0,0,0,0,0,0,0,0
16248,2163,9106,28529,36465,302848,72736,1138125,3184,19298,12080,0,0,0,0,0,0,0,0,0,0
17621,2236,9660,25862,35399,321281,80536,1208125,3418,21407,13371,0,0,0,0,0,0,0,0,0,0
16577,2202,9178,25141,36680,343905,74817,1147000,3203,19598,12279,0,0,0,0,0,0,0,0,0,0
20750,2582,10614,26496,37444,352917,94523,1326625,3890,25122,15315,0,0,0,0,0,0,0,0,0,0
16967,2183,7334,25146,35514,381566,76524,916375,3486,20541,12657,0,0,0,0,0,0,0,0,0,0
16281,2191,9237,27598,35210,337113,72876,1154625,3210,19331,12089,0,0,0,0,0,0,0,0,0,0
18874,2412,8850,23724,39245,364871,85989,1106000,3616,22984,14073,0,0,0,0,0,0,0,0,0,0
16381,2083,8489,23838,33934,282232,73642,1061000,3168,19414,12167,0,0,0,0,0,0,0,0,0,0
16375,2242,9457,27353,37428,318505,73644,1182375,3190,19416,12161,0,0,0,0,0,0,0,0,0,0
17604,2377,9724,25690,36368,323293,80028,1215125,3415,21291,13127,0,0,0,0,0,0,0,0,0,0
16386,2279,9491,26404,36111,315593,73657,1186250,3289,19422,12161,0,0,0,0,0,0,0,0,0,0
16288,2202,9301,27290,35176,309337,72903,1163000,3177,19330,12110,0,0,0,0,0,0,0,0,0,0
17014,2067,9298,25004,34739,309119,76745,1161875,3408,20584,12693,0,0,0,0,0,0,0,0,0,0
16363,2129,9249,26747,35457,307531,73357,1156000,3238,19389,12155,0,0,0,0,0,0,0,0,0,0
16518,2188,8693,21069,35026,292296,74583,1086250,3209,19538,12250,0,0,0,0,0,0,0,0,0,0
16429,2240,9325,27656,35767,310087,73835,1165375,3279,19457,12187,0,0,0,0,0,0,0,0,0,0
16262,2144,9612,28754,35414,319516,72782,1200875,3299,19305,12079,0,0,0,0,0,0,0,0,0,0
15957,2340,9156,22148,36396,304436,77457,1144125,3380,20683,12913,22680,0,0,0,0,0,0,0,0,0
16303,2147,8961,24886,34253,298113,72944,1120375,3245,19340,12109,0,0,0,0,0,0,0,0,0,0
17555,2321,8233,28736,38734,425730,78460,1029250,3510,20910,13085,11370,0,0,0,0,0,0,0,0,0
16280,2221,9717,28091,37877,323149,72863,1214750,3338,19325,12096,0,0,0,0,0,0,0,0,0,0
16286,2142,8991,27271,35938,298965,72890,1123500,3235,19332,12100,0,0,0,0,0,0,0,0,0,0
17043,2365,10071,27452,38577,334978,78638,1259375,3535,20943,13114,24603,0,0,0,0,0,0,0,0,0
16325,2251,6923,26514,36591,395655,73016,865125,3403,19358,12120,0,0,0,0,0,0,0,0,0,0
16347,2263,9062,24761,35444,301312,73106,1132625,3309,19374,12138,0,0,0,0,0,0,0,0,0,0
16300,2271,8194,27444,36792,387759,72948,1024500,3327,19343,12110,0,0,0,0,0,0,0,0,0,0
16296,2292,9303,26017,34851,309429,72902,1162875,3244,19330,12111,0,0,0,0,0,0,0,0,0,0
16723,2147,9004,23400,35486,299433,75914,1125625,3218,19865,12483,0,0,0,0,0,0,0,0,0,0
16311,2240,7343,27771,35581,350998,72963,918250,3366,19347,12114,0,0,0,0,0,0,0,0,0,0
16304,2159,9400,25095,34803,312538,72949,1174750,3168,19341,12114,0,0,0,0,0,0,0,0,0,0
16889,2319,8711,27298,37672,371649,79728,1088500,3452,21290,13338,22875,0,0,0,0,0,0,0,0,0
16711,2245,8920,27423,36659,337577,75161,1115250,3498,19981,12531,0,0,0,0,0,0,0,0,0,0
16283,2057,8143,23818,34163,305450,72871,1018125,3272,19326,12109,0,0,0,0,0,0,0,0,0,0
16581,2272,9130,23968,36669,303678,76608,1141500,3346,20459,12782,24293,0,0,0,0,0,0,0,0,0
16289,2145,8380,28130,35199,402012,72887,1047500,3387,19326,12114,0,0,0,0,0,0,0,0,0,0
16551,2197,8902,22822,36273,308329,74699,1113000,3191,19570,12260,0,0,0,0,0,0,0,0,0,0
16040,2430,8920,27794,38263,336350,79847,1114875,3457,21195,13307,35028,0,0,0,0,0,0,0,0,0
16764,2246,9295,28024,36092,309009,76086,1161375,3275,19909,12497,0,0,0,0,0,0,0,0,0,0
16509,2227,8682,24461,35425,288735,74266,1084875,3237,19668,12342,0,0,0,0,0,0,0,0,0,0
16862,2316,9493,26284,36328,315692,75973,1186625,3452,20232,12715,0,0,0,0,0,0,0,0,0,0
16297,2108,8512,25351,33780,305759,72934,1064000,3249,19345,12103,0,0,0,0,0,0,0,0,0,0
16286,2278,8589,22559,35073,288895,72886,1074000,3232,19333,12094,0,0,0,0,0,0,0,0,0,0
16350,2101,7345,24803,35573,358632,73197,917875,3325,19408,12156,0,0,0,0,0,0,0,0,0,0
16434,2198,9650,29364,36531,320909,73857,1206000,3295,19463,12191,0,0,0,0,0,0,0,0,0,0
16619,2255,7436,23983,35487,347183,75107,929000,3261,19769,12413,0,0,0,0,0,0,0,0,0,0
16495,2242,9589,25926,36187,318901,74230,1198375,3336,19660,12346,0,0,0,0,0,0,0,0,0,0
16652,2179,6913,24659,37267,384911,74776,863875,3365,19883,12487,0,0,0,0,0,0,0,0,0,0
20267,2568,10895,27768,37613,362358,92994,1362250,3809,25064,15323,23137,0,0,0,0,0,0,0,0,0
17836,2471,9776,24625,39142,325068,81457,1221625,3530,21932,13611,0,0,0,0,0,0,0,0,0,0
16944,2197,9546,29520,34373,317504,76381,1193500,3396,20383,12726,0,0,0,0,0,0,0,0,0,0
16979,2197,9177,27989,36460,327048,76584,1147000,3388,20436,12756,0,0,0,0,0,0,0,0,0,0
16610,2215,9069,25846,34808,301548,75070,1133500,3258,19757,12420,0,0,0,0,0,0,0,0,0,0
16504,2282,9288,26626,36082,308926,74244,1160875,3183,19663,12339,0,0,0,0,0,0,0,0,0,0
16632,2309,9095,24414,36873,302459,75172,1136875,3214,19786,12424,0,0,0,0,0,0,0,0,0,0
16260,2120,9265,28294,35565,308147,72784,1158625,3281,19307,12091,0,0,0,0,0,0,0,0,0,0
17249,2306,9303,27299,36951,309450,77084,1163125,3404,20580,12850,6962,0,0,0,0,0,0,0,0,0
17325,2330,9864,28221,36400,328116,79074,1233250,3405,21051,13036,0,0,0,0,0,0,0,0,0,0
16279,2043,9694,27828,34594,322444,72857,1211875,3164,19325,12094,0,0,0,0,0,0,0,0,0,0
16281,2012,8132,24702,33622,308718,72834,1016375,3217,19316,12097,0,0,0,0,0,0,0,0,0,0
22496,2696,11453,30154,39513,380890,102416,1431750,4056,26743,16271,0,0,0,0,0,0,0,0,0,0
16259,2107,8892,23008,33273,295774,72771,1111875,3240,19303,12082,0,0,0,0,0,0,0,0,0,0
16279,2220,9598,28160,35765,319228,72845,1199625,3178,19319,12095,0,0,0,0,0,0,0,0,0,0
16327,2265,9629,25990,37334,320183,73046,1203500,3373,19365,12130,0,0,0,0,0,0,0,0,0,0
17168,2271,9549,28875,35416,317545,77828,1193375,3334,20634,12976,0,0,0,0,0,0,0,0,0,0
16390,2197,9130,26779,35272,303615,73692,1141125,3217,19430,12160,0,0,0,0,0,0,0,0,0,0
17561,2203,8605,22853,34632,311040,80150,1075500,3415,21455,13256,0,0,0,0,0,0,0,0,0,0
16298,2211,10223,30628,37355,339926,72931,1277875,3184,19340,12116,0,0,0,0,0,0,0,0,0,0
17517,2428,9468,21442,38108,314830,80135,1183500,3532,21411,13436,23489,0,0,0,0,0,0,0,0,0
16443,2245,8738,25815,36445,314611,73892,1092500,3264,19470,12196,0,0,0,0,0,0,0,0,0,0
16506,2230,8721,29383,35944,343566,74277,1090125,3333,19672,12343,0,0,0,0,0,0,0,0,0,0
16295,1970,8088,26327,33961,336654,72923,1010750,3357,19339,12110,0,0,0,0,0,0,0,0,0,0
16288,2277,9366,26131,35212,311490,72890,1170875,3264,19334,12097,0,0,0,0,0,0,0,0,0,0
16299,2241,9336,26101,34977,310441,72930,1166875,3266,19341,12112,0,0,0,0,0,0,0,0,0,0
17132,2355,9555,27942,38217,317739,77966,1194250,3573,20675,12914,13300,0,0,0,0,0,0,0,0,0
16395,2287,9468,27540,36409,314901,73693,1183500,3232,19423,12166,0,0,0,0,0,0,0,0,0,0
16706,2104,8580,24857,34243,316118,75588,1072250,3324,19989,12582,0,0,0,0,0,0,0,0,0,0
16396,2174,9303,26981,34658,309483,73702,1163250,3213,19426,12164,0,0,0,0,0,0,0,0,0,0
16503,2171,8795,23894,34430,292423,74242,1099375,3262,19661,12336,0,0,0,0,0,0,0,0,0,0
17158,2327,9944,30404,35997,330806,77786,1243500,3277,20612,12967,0,0,0,0,0,0,0,0,0,0
16652,2247,9047,25124,35999,300862,74891,1131125,3390,19905,12495,0,0,0,0,0,0,0,0,0,0
16631,2185,8697,21167,34563,289189,75147,1086750,3298,19781,12422,0,0,0,0,0,0,0,0,0,0
16612,2300,10010,26010,36272,332894,75098,1251250,3315,19775,12412,0,0,0,0,0,0,0,0,0,0
16444,2207,8094,25264,36036,341796,73894,1011875,3265,19471,12192,0,0,0,0,0,0,0,0,0,0
17001,2261,9008,25211,36078,333951,76734,1126375,3562,20494,12806,20401,0,0,0,0,0,0,0,0,0
16532,2277,8934,28450,36676,316798,74624,1116750,3271,19547,12254,0,0,0,0,0,0,0,0,0,0
16286,2239,9532,27813,35966,316975,72858,1191500,3164,19324,12103,0,0,0,0,0,0,0,0,0,0
837000,24428,37746,87986,293097,5568496,4720552,4718000,71816,1281119,673086,173380,0,0,0,0,0,0,0,0,0
18033,2355,9799,27213,37470,343780,81152,1224750,3745,21887,13483,21374,0,0,0,0,0,0,0,0,0
16305,2181,9230,28302,35320,306874,72941,1153500,3268,19343,12118,0,0,0,0,0,0,0,0,0,0
16413,2257,6893,21685,36366,426767,73783,861625,3264,19451,12174,0,0,0,0,0,0,0,0,0,0
16295,2164,9431,30610,35400,313642,72921,1179000,3309,19332,12104,0,0,0,0,0,0,0,0,0,0
16292,2208,9450,27612,36338,321650,72897,1181750,3201,19330,12109,0,0,0,0,0,0,0,0,0,0
16265,2193,6538,27132,35861,388144,72812,817250,3269,19312,12088,0,0,0,0,0,0,0,0,0,0
16418,2115,8908,26045,33744,296230,73801,1113750,3221,19450,12184,0,0,0,0,0,0,0,0,0,0
16276,2306,9129,29800,36514,321796,72852,1141125,3333,19327,12084,0,0,0,0,0,0,0,0,0,0
16504,2188,9326,26978,36344,310156,74253,1165500,3274,19664,12335,0,0,0,0,0,0,0,0,0,0
16588,2353,9911,28631,37866,329553,79092,1238500,3540,21140,13176,22240,0,0,0,0,0,0,0,0,0
16318,2183,9019,25678,35741,300036,73011,1127875,3229,19358,12123,0,0,0,0,0,0,0,0,0,0
16606,2246,8982,23376,35464,298687,74252,1122625,3206,19644,12275,0,0,0,0,0,0,0,0,0,0
16285,2167,9117,27095,34196,331060,72884,1139875,3183,19332,12103,0,0,0,0,0,0,0,0,0,0
16278,2253,8850,25834,34815,314000,72843,1106000,3056,19324,12096,0,0,0,0,0,0,0,0,0,0
16535,2217,8109,25971,36786,395126,74414,1013625,3382,19700,12375,0,0,0,0,0,0,0,0,0,0
16406,2235,7007,28535,36002,437551,73752,875750,3233,19438,12170,0,0,0,0,0,0,0,0,0,0
17184,2361,9568,26082,36404,318227,78077,1196125,3527,20823,12853,0,0,0,0,0,0,0,0,0,0
18041,2302,8087,28634,38251,402943,77778,1011125,3494,20803,13011,20044,0,0,0,0,0,0,0,0,0
17212,2384,9783,26987,37407,325330,78203,1222875,3439,20856,12875,0,0,0,0,0,0,0,0,0,0
16673,2194,9226,24794,35891,330824,76921,1153625,3403,20535,12825,22724,0,0,0,0,0,0,0,0,0
16474,2165,7733,25615,36444,369675,74143,966500,3328,19637,12330,0,0,0,0,0,0,0,0,0,0
16408,2265,9094,25687,35615,302478,73757,1137125,3214,19438,12181,0,0,0,0,0,0,0,0,0,0
16776,2314,9040,30985,37045,342565,75777,1129750,3377,20021,12575,0,0,0,0,0,0,0,0,0,0
16292,2237,9035,27711,36641,343987,72906,1129125,3288,19332,12102,0,0,0,0,0,0,0,0,0,0
16325,2195,9053,24386,36342,301130,73052,1131875,3340,19367,12126,0,0,0,0,0,0,0,0,0,0
16529,2224,9311,28558,36557,309811,74643,1164625,3228,19557,12248,0,0,0,0,0,0,0,0,0,0
16296,2047,9645,26367,34162,320703,72900,1205375,3264,19332,12111,0,0,0,0,0,0,0,0,0,0
16285,2193,9360,23293,35919,311351,72873,1170500,3226,19329,12096,0,0,0,0,0,0,0,0,0,0
16651,2309,9612,27005,35888,322895,74855,1201750,3327,19905,12492,0,0,0,0,0,0,0,0,0,0
16271,2165,9070,26623,35963,301577,72823,1133500,3271,19316,12088,0,0,0,0,0,0,0,0,0,0
16520,2141,9285,25518,34540,308704,74594,1160625,3302,19543,12249,0,0,0,0,0,0,0,0,0,0
17352,2302,8812,26563,36727,333023,79277,1101375,3231,21108,13070,0,0,0,0,0,0,0,0,0,0
17044,2270,7173,25603,37114,432805,77233,896875,3384,20482,12791,0,0,0,0,0,0,0,0,0,0
16287,2067,9396,27121,35397,312503,72879,1174625,3207,19322,12106,0,0,0,0,0,0,0,0,0,0
17595,2300,9034,22714,36640,300509,80049,1129750,3494,21401,13281,0,0,0,0,0,0,0,0,0,0
16391,2229,9167,24806,35351,304812,73706,1145750,3264,19430,12163,0,0,0,0,0,0,0,0,0,0
17137,2269,9254,25285,36080,307726,77700,1156500,3406,20703,12795,0,0,0,0,0,0,0,0,0,0
16296,2132,7067,27141,35338,390776,72913,883125,3239,19335,12106,0,0,0,0,0,0,0,0,0,0
16300,2161,8664,27242,34400,313664,72951,1083125,3140,19346,12106,0,0,0,0,0,0,0,0,0,0
16490,2198,8618,27421,37670,366504,74224,1077125,3193,19656,12338,0,0,0,0,0,0,0,0,0,0
17096,2228,8795,22358,34124,292503,77406,1099625,3534,20745,12813,0,0,0,0,0,0,0,0,0,0
17203,2338,7470,21267,37260,378606,78049,934000,3471,20809,12844,0,0,0,0,0,0,0,0,0,0
17009,2270,8251,26064,36206,416125,76846,1031625,3384,20594,12721,0,0,0,0,0,0,0,0,0,0
16375,2182,9435,24750,34494,313754,73532,1179500,3252,19402,12159,0,0,0,0,0,0,0,0,0,0
16655,2225,6351,21172,36211,380164,74908,793750,3477,19917,12515,0,0,0,0,0,0,0,0,0,0
16275,2118,8990,24931,35090,298908,72839,1123500,3299,19312,12102,0,0,0,0,0,0,0,0,0,0
16584,2251,9402,27939,36703,312731,74861,1175375,3496,19607,12274,0,0,0,0,0,0,0,0,0,0
16431,2151,9402,26952,33862,312731,73859,1175500,3183,19467,12179,0,0,0,0,0,0,0,0,0,0
16263,2151,6882,24834,35175,398973,72778,860375,3223,19308,12082,0,0,0,0,0,0,0,0,0,0
16544,2063,9691,29794,35207,326661,74689,1211500,3264,19570,12253,0,0,0,0,0,0,0,0,0,0
16280,2124,8155,28300,36474,363689,72853,1019250,3160,19323,12104,0,0,0,0,0,0,0,0,0,0
16419,2215,9066,23907,34181,301485,73813,1133375,3196,19455,12177,0,0,0,0,0,0,0,0,0,0
17562,2285,9341,25797,35207,310582,79421,1167375,3460,21049,13230,0,0,0,0,0,0,0,0,0,0
16301,2048,9119,27271,33934,303307,72945,1140000,3184,19345,12102,0,0,0,0,0,0,0,0,0,0
16278,2210,9008,25505,36004,336899,72830,1125875,3314,19316,12097,0,0,0,0,0,0,0,0,0,0
20011,2735,11154,29787,41114,370919,94650,1394250,4031,25498,15586,23528,0,0,0,0,0,0,0,0,0
16276,2195,8908,26517,36501,315430,72854,1113125,3212,19325,12086,0,0,0,0,0,0,0,0,0,0
17260,2332,9704,27344,36543,322651,78427,1212625,3410,20939,13129,0,0,0,0,0,0,0,0,0,0
16282,2160,7707,25219,36266,377354,72869,963250,3204,19328,12093,0,0,0,0,0,0,0,0,0,0
16333,2346,9755,25363,35739,324520,79196,1220125,3460,21194,13250,22659,0,0,0,0,0,0,0,0,0
16487,2231,9124,22742,36119,303320,74177,1140000,3224,19645,12335,0,0,0,0,0,0,0,0,0,0
16271,2163,9142,23266,35842,304063,72814,1142875,3243,19312,12094,0,0,0,0,0,0,0,0,0,0
16837,2310,8519,27399,36649,368815,76027,1065125,3324,20069,12610,0,0,0,0,0,0,0,0,0,0
18192,2577,10818,27686,38563,359732,95862,1351750,3931,25916,15790,23684,0,0,0,0,0,0,0,0,0
16457,2193,7897,25760,36715,331689,74065,986875,3405,19622,12314,0,0,0,0,0,0,0,0,0,0
16397,2263,9411,26948,35473,312942,73728,1176500,3240,19434,12174,0,0,0,0,0,0,0,0,0,0
16297,2259,9212,26899,35023,306350,72909,1151625,3214,19330,12109,0,0,0,0,0,0,0,0,0,0
17203,2260,9002,26585,36438,336381,78184,1124875,3400,20752,12997,0,0,0,0,0,0,0,0,0,0
16300,2177,9234,28331,35075,307141,72922,1154625,3370,19337,12105,0,0,0,0,0,0,0,0,0,0
16504,2149,9149,26475,34605,324150,74274,1144125,3258,19672,12351,0,0,0,0,0,0,0,0,0,0
16290,2140,7135,21038,35192,332197,72894,891875,3210,19335,12102,0,0,0,0,0,0,0,0,0,0
16416,2306,8584,26093,35680,322802,73780,1072750,3121,19443,12191,0,0,0,0,0,0,0,0,0,0
16414,2206,9235,25618,35873,387447,73789,1154750,3292,19453,12174,0,0,0,0,0,0,0,0,0,0
16279,2258,8413,24775,35545,318566,72850,1051750,3208,19319,12104,0,0,0,0,0,0,0,0,0,0
16273,2117,8125,24120,35509,299306,72825,1015500,3303,19317,12089,0,0,0,0,0,0,0,0,0,0
16302,2187,9343,22726,37213,310660,72943,1167500,3239,19344,12107,0,0,0,0,0,0,0,0,0,0
715017,25346,41883,88485,294521,5730971,4790505,5235875,73692,1303586,683545,207234,0,0,0,0,0,0,0,0,0
16540,2261,9003,26746,36214,302506,74679,1125375,3241,19567,12257,0,0,0,0,0,0,0,0,0,0
16753,2329,9852,26218,37543,327615,75545,1231500,3404,19974,12550,0,0,0,0,0,0,0,0,0,0
16297,2137,7660,26793,35447,373517,72926,958000,3288,19339,12103,0,0,0,0,0,0,0,0,0,0
16560,2173,9322,26132,34996,309899,74744,1165250,3197,19575,12268,0,0,0,0,0,0,0,0,0,0
17051,2285,9465,24727,36309,314779,77072,1183500,3387,20523,12919,0,0,0,0,0,0,0,0,0,0
869910,24901,37956,89813,290463,5495308,4631553,4744750,70526,1262948,663775,0,0,0,0,0,0,0,0,0,0
16301,2145,7646,28667,36070,370345,72936,956000,3362,19340,12103,0,0,0,0,0,0,0,0,0,0
16435,2240,8252,26641,34774,326995,73862,1031500,3362,19468,12183,0,0,0,0,0,0,0,0,0,0
16642,2238,7456,26498,37122,418348,74760,931875,3301,19882,12481,0,0,0,0,0,0,0,0,0,0
16452,2176,8007,28788,35961,394686,74066,1000875,3306,19623,12316,0,0,0,0,0,0,0,0,0,0
17541,2381,9756,23786,36421,324521,79940,1219625,3391,21308,13316,0,0,0,0,0,0,0,0,0,0
16268,2233,9020,26595,34521,300100,72800,1127875,3232,19311,12088,0,0,0,0,0,0,0,0,0,0
17136,2315,9316,25148,36766,309754,77440,1164375,3379,20787,12776,0,0,0,0,0,0,0,0,0,0
16981,2285,7639,29795,37599,428080,76540,954875,3408,20413,12752,0,0,0,0,0,0,0,0,0,0
17489,2227,10199,27548,37149,339198,79399,1274875,3574,21185,13179,0,0,0,0,0,0,0,0,0,0
20671,2341,7356,27941,37799,436306,76819,919750,3600,20516,12803,17464,0,0,0,0,0,0,0,0,0
16894,2281,9287,28050,37652,308852,76300,1160750,3417,20254,12740,0,0,0,0,0,0,0,0,0,0
16688,2267,7610,28857,38223,424344,74975,951250,3377,19941,12517,0,0,0,0,0,0,0,0,0,0
16307,2112,8811,26021,34529,292985,72967,1101250,3199,19349,12115,0,0,0,0,0,0,0,0,0,0
16414,2402,9556,28935,38343,346975,82851,1194375,3768,22211,13842,24972,0,0,0,0,0,0,0,0,0
4334132,40844,92047,114149,421989,12949041,16735511,11506000,104729,3626927,1794978,333248,0,0,0,0,0,0,0,0,0
16392,2276,8861,26527,35894,320837,73688,1107625,3215,19425,12170,0,0,0,0,0,0,0,0,0,0
17298,2386,9737,26662,37893,323793,78603,1217125,3524,21033,13021,0,0,0,0,0,0,0,0,0,0
19302,2554,9614,27006,41926,348942,88604,1201375,3782,23741,14869,0,0,0,0,0,0,0,0,0,0
17514,2319,9769,27840,36099,329355,79870,1221500,3389,21310,13306,0,0,0,0,0,0,0,0,0,0
17021,2274,9875,27862,37240,328401,76956,1234375,3354,20579,12888,0,0,0,0,0,0,0,0,0,0
16280,2122,9279,24454,35106,308650,72840,1160250,3195,19315,12105,0,0,0,0,0,0,0,0,0,0
18282,2461,9923,26823,39703,330022,84082,1240625,3753,22813,13948,0,0,0,0,0,0,0,0,0,0
16482,2214,9438,28410,36746,313912,74181,1179875,3309,19648,12330,0,0,0,0,0,0,0,0,0,0
16270,2155,9419,27949,34560,313202,72824,1177250,3159,19317,12094,0,0,0,0,0,0,0,0,0,0
16264,2190,6737,25795,35432,431509,72801,842125,3245,19311,12092,0,0,0,0,0,0,0,0,0,0
17019,2300,9025,27230,38884,343577,76933,1128000,3518,20612,12738,0,0,0,0,0,0,0,0,0,0
16291,2142,7477,26549,34614,344444,72904,934625,3178,19335,12102,0,0,0,0,0,0,0,0,0,0
16277,2058,9294,29159,34952,309006,72846,1161375,3231,19323,12096,0,0,0,0,0,0,0,0,0,0
13307,2369,7859,25162,37450,338100,77721,982375,3470,20783,12999,26828,0,0,0,0,0,0,0,0,0
16280,2238,9217,27588,36766,306432,72864,1151500,3238,19327,12094,0,0,0,0,0,0,0,0,0,0
17180,2302,9665,28222,35984,321442,78053,1208125,3438,20893,12934,0,0,0,0,0,0,0,0,0,0
16768,2138,9082,26821,34235,302005,76861,1134625,3361,20527,12815,22371,0,0,0,0,0,0,0,0,0
16374,2254,9297,23548,35269,309181,77031,1162125,3447,20555,12854,23679,0,0,0,0,0,0,0,0,0
16572,2083,8974,23328,34666,298349,74806,1121500,3273,19594,12277,0,0,0,0,0,0,0,0,0,0
17100,2411,9730,26766,38859,323543,77530,1216000,3355,20570,12860,0,0,0,0,0,0,0,0,0,0
16470,2199,9998,27753,35665,332518,74005,1249625,3206,19497,12205,0,0,0,0,0,0,0,0,0,0
18047,2396,8627,25389,38789,350823,82734,1078125,3609,22263,13757,0,0,0,0,0,0,0,0,0,0
16418,2274,9418,27897,35564,313221,73785,1177500,3291,19446,12175,0,0,0,0,0,0,0,0,0,0
16631,2108,9076,24367,33278,301841,74768,1134625,3329,19886,12480,0,0,0,0,0,0,0,0,0,0
16287,2106,7747,28785,34586,390988,72897,968375,3234,19334,12098,0,0,0,0,0,0,0,0,0,0
16536,2170,9060,26826,34457,301333,74668,1132750,3180,19560,12258,0,0,0,0,0,0,0,0,0,0
16471,2242,8888,24947,35700,295529,74137,1110750,3305,19638,12332,0,0,0,0,0,0,0,0,0,0
16487,2087,8071,25856,33468,313897,74179,1008625,3189,19647,12331,0,0,0,0,0,0,0,0,0,0
16323,2221,8988,26549,36882,338966,73036,1123375,3378,19365,12118,0,0,0,0,0,0,0,0,0,0
16982,2163,9564,27512,36118,318072,77066,1195625,3264,20347,12798,0,0,0,0,0,0,0,0,0,0
16565,2122,9465,26353,34425,314801,74784,1183125,3230,19588,12276,0,0,0,0,0,0,0,0,0,0
16479,2291,8702,27270,36831,343447,74037,1087875,3332,19500,12214,0,0,0,0,0,0,0,0,0,0
16440,2291,9153,23894,36424,304409,73891,1144375,3394,19474,12193,0,0,0,0,0,0,0,0,0,0
16310,2180,6943,28798,35932,415966,72978,867875,3372,19353,12111,0,0,0,0,0,0,0,0,0,0
23198,2313,8160,26640,37582,385048,81280,1020125,3633,21686,13524,19068,0,0,0,0,0,0,0,0,0
16294,2260,9017,25589,36158,299897,72908,1127250,3294,19335,12100,0,0,0,0,0,0,0,0,0,0
16412,2286,9216,24610,36086,306421,73769,1151750,3250,19441,12185,0,0,0,0,0,0,0,0,0,0
17182,2292,9624,27982,37000,320045,77599,1203125,3466,20742,12947,0,0,0,0,0,0,0,0,0,0
16526,2190,9431,28453,35472,313604,74643,1178500,3255,19555,12254,0,0,0,0,0,0,0,0,0,0
16287,2242,9434,27055,36471,313668,72870,1178875,3295,19324,12100,0,0,0,0,0,0,0,0,0,0
16290,2143,8656,21593,33758,287885,72896,1082250,3242,19336,12091,0,0,0,0,0,0,0,0,0,0
16303,2223,8685,22908,35380,292115,72940,1085875,3315,19344,12107,0,0,0,0,0,0,0,0,0,0
16476,2170,7928,15299,35349,305997,74019,990875,3267,19498,12217,0,0,0,0,0,0,0,0,0,0
16290,2207,9159,21005,35715,304576,72907,1144875,3285,19337,12100,0,0,0,0,0,0,0,0,0,0
16772,2287,9427,26846,36578,313599,79417,1178750,3362,21046,13183,20392,0,0,0,0,0,0,0,0,0
17416,2351,9599,25607,37141,319249,79358,1199875,3577,21045,12958,0,0,0,0,0,0,0,0,0,0
18022,2351,10254,26991,38889,341002,82727,1281750,3633,22348,13811,0,0,0,0,0,0,0,0,0,0
16516,2159,9107,26481,35918,302860,74583,1138250,3454,19541,12240,0,0,0,0,0,0,0,0,0,0
16296,2019,8712,24477,33898,289672,72931,1088625,3287,19342,12101,0,0,0,0,0,0,0,0,0,0
19659,2594,10681,26864,37388,355252,89225,1335125,3746,23454,14304,0,0,0,0,0,0,0,0,0,0
16286,2214,9718,28767,35858,335936,72897,1214625,3291,19332,12096,0,0,0,0,0,0,0,0,0,0
16282,2245,9491,30376,35982,319418,72879,1186625,3137,19330,12092,0,0,0,0,0,0,0,0,0,0
17528,2335,9076,26842,35920,356239,79916,1134750,3448,21214,13205,0,0,0,0,0,0,0,0,0,0
16435,2202,9056,27079,35558,301168,73856,1132000,3286,19462,12188,0,0,0,0,0,0,0,0,0,0
16436,2151,9101,28371,34277,302595,73878,1137625,3123,19469,12195,0,0,0,0,0,0,0,0,0,0
16329,2192,9175,28286,35841,305136,73071,1146875,3308,19372,12116,0,0,0,0,0,0,0,0,0,0
16269,2241,9501,25902,35495,315932,72816,1187625,3220,19317,12085,0,0,0,0,0,0,0,0,0,0
16271,2245,9268,26589,35689,308206,72820,1158625,3279,19320,12089,0,0,0,0,0,0,0,0,0,0
17352,2212,9576,24657,34805,318437,79045,1197000,3390,20940,13115,0,0,0,0,0,0,0,0,0,0
17225,2307,9918,26789,37229,329809,78392,1239750,3522,20905,12898,0,0,0,0,0,0,0,0,0,0
16599,2285,8336,25594,35030,314040,75021,1041625,3292,19753,12397,0,0,0,0,0,0,0,0,0,0
16517,2225,9607,28780,37240,319476,74302,1201125,3240,19678,12350,0,0,0,0,0,0,0,0,0,0
16502,2288,9595,28591,35475,319030,74236,1199125,3220,19658,12339,0,0,0,0,0,0,0,0,0,0
4211117,41328,79644,113099,420429,13194104,16700174,9955750,102388,3616165,1789007,0,0,0,0,0,0,0,0,0,0
19085,2339,8948,24990,35262,320621,85812,1118375,3649,22689,13846,0,0,0,0,0,0,0,0,0,0
16776,2294,10025,28269,36730,333395,75738,1253125,3278,20022,12562,0,0,0,0,0,0,0,0,0,0
16278,2168,8874,26124,34473,295070,72847,1108875,3258,19319,12100,0,0,0,0,0,0,0,0,0,0
16438,2284,9472,26218,35680,315055,73867,1184250,3198,19468,12188,0,0,0,0,0,0,0,0,0,0
16268,2175,9885,28660,34635,328775,72815,1236125,3169,19312,12098,0,0,0,0,0,0,0,0,0,0
16285,2133,8690,25861,35453,311933,72865,1086500,3262,19323,12092,0,0,0,0,0,0,0,0,0,0
16296,2143,7091,25073,35000,351386,72933,886375,3276,19340,12108,0,0,0,0,0,0,0,0,0,0
17713,2347,8534,28441,37035,363517,80275,1066500,3661,21517,13288,0,0,0,0,0,0,0,0,0,0
17076,2239,8323,25420,35482,318084,77328,1040250,3541,20492,12810,0,0,0,0,0,0,0,0,0,0
17901,2439,10532,32140,38902,350327,81927,1316625,3463,21801,13595,0,0,0,0,0,0,0,0,0,0
15367,2204,10277,26842,35762,341879,79365,1285250,3497,21089,13168,22800,0,0,0,0,0,0,0,0,0
17478,2317,7429,28881,38097,425231,79404,928375,3547,21317,13204,0,0,0,0,0,0,0,0,0,0
16443,2243,9571,27108,36526,318352,73900,1197000,3204,19476,12190,0,0,0,0,0,0,0,0,0,0
13381,2396,9788,27886,37506,338938,80352,1223875,3576,21343,13289,23703,0,0,0,0,0,0,0,0,0
17095,2244,8736,27039,37718,331943,76646,1092125,3380,20479,12799,22193,0,0,0,0,0,0,0,0,0
17303,2275,9015,24790,38139,323746,78863,1126875,3413,20887,12908,0,0,0,0,0,0,0,0,0,0
16286,2169,9181,25642,33674,305377,72891,1147750,3301,19333,12100,0,0,0,0,0,0,0,0,0,0
16282,2225,9158,25713,35896,304568,72861,1144750,3229,19321,12105,0,0,0,0,0,0,0,0,0,0
16975,2146,8985,22463,34970,298707,76515,1122500,3247,20411,12753,0,0,0,0,0,0,0,0,0,0
16433,2268,8684,18891,35383,292271,73858,1085750,3142,19467,12186,0,0,0,0,0,0,0,0,0,0
16412,2182,8652,19370,35250,287799,73767,1081875,3169,19442,12175,0,0,0,0,0,0,0,0,0,0
16946,2211,8918,21473,35857,312010,76423,1114250,3419,20404,12734,0,0,0,0,0,0,0,0,0,0
17850,2429,9894,25080,37901,329024,81532,1236750,3489,21945,13531,0,0,0,0,0,0,0,0,0,0
16638,2211,8507,23998,34486,313940,75176,1063250,3293,19781,12420,0,0,0,0,0,0,0,0,0,0
16543,2109,8526,25319,33991,326899,74683,1065250,3203,19563,12260,0,0,0,0,0,0,0,0,0,0
16739,2186,8721,20573,34775,296151,75154,1089750,3318,19761,12367,0,0,0,0,0,0,0,0,0,0
16635,2316,9373,25822,36478,311733,75179,1171875,3327,19792,12418,0,0,0,0,0,0,0,0,0,0
16279,2244,9586,28872,35745,318850,77794,1198500,3405,20631,12892,21470,0,0,0,0,0,0,0,0,0
16306,2071,9490,28502,35213,315593,72958,1186250,3283,19349,12105,0,0,0,0,0,0,0,0,0,0
16844,2268,9835,27817,37294,327060,76128,1229250,3427,20220,12710,0,0,0,0,0,0,0,0,0,0
16996,2341,9755,29012,38039,324463,76635,1219500,3385,20441,12762,0,0,0,0,0,0,0,0,0,0
2539205,40041,94132,109608,399648,12398751,16552125,11766375,99798,3577697,1766162,234757,0,0,0,0,0,0,0,0,0
17157,2336,8647,25856,36613,332222,77801,1081000,3533,20751,12804,0,0,0,0,0,0,0,0,0,0
16866,2326,9662,27816,37486,321263,76229,1207625,3370,20233,12737,0,0,0,0,0,0,0,0,0,0
16607,2255,9708,27085,34330,322794,75053,1213125,3245,19754,12414,0,0,0,0,0,0,0,0,0,0
16519,2055,9248,28537,33405,307405,74592,1155500,3145,19538,12247,0,0,0,0,0,0,0,0,0,0
16638,2269,9772,27694,35965,324950,74815,1221375,3324,19883,12496,0,0,0,0,0,0,0,0,0,0
16412,2149,8870,23655,33756,295000,73772,1108500,3030,19447,12173,0,0,0,0,0,0,0,0,0,0
16655,2181,9510,26427,35778,316245,74851,1188750,3385,19902,12490,0,0,0,0,0,0,0,0,0,0
19264,2279,9256,24624,37696,328063,81257,1156500,3621,21807,13422,22650,0,0,0,0,0,0,0,0,0
16307,2181,8887,28102,35439,336952,72952,1111125,3251,19341,12116,0,0,0,0,0,0,0,0,0,0
16405,2239,7210,28377,36320,425731,73739,901250,3284,19437,12172,0,0,0,0,0,0,0,0,0,0
16320,2170,9075,26328,35726,301871,73021,1134750,3339,19360,12120,0,0,0,0,0,0,0,0,0,0
17364,2222,9458,27588,35699,334872,80352,1182250,3536,21152,13248,21934,0,0,0,0,0,0,0,0,0
16467,2287,9662,29366,35976,321327,74008,1207750,3256,19498,12203,0,0,0,0,0,0,0,0,0,0
16279,2198,7363,23937,36057,345560,72867,920250,3270,19328,12093,0,0,0,0,0,0,0,0,0,0
16295,2099,9130,26617,35150,303596,72886,1141000,3298,19324,12109,0,0,0,0,0,0,0,0,0,0
16299,2217,9117,24094,36108,303182,72937,1139250,3325,19345,12104,0,0,0,0,0,0,0,0,0,0
16317,2158,7449,26109,36215,429875,72993,931125,3374,19353,12120,0,0,0,0,0,0,0,0,0,0
17847,2331,9042,24537,36139,333906,79824,1130250,3425,21235,13304,20915,0,0,0,0,0,0,0,0,0
16282,2145,9069,26532,34541,301618,72874,1133750,3088,19329,12094,0,0,0,0,0,0,0,0,0,0
16645,2312,9751,27837,35830,324337,74782,1219375,3344,19889,12471,0,0,0,0,0,0,0,0,0,0
17618,2422,9779,26633,38007,325214,80477,1222250,3546,21388,13229,0,0,0,0,0,0,0,0,0,0
16687,2450,9888,26126,38523,328894,85635,1236375,3868,22979,14127,24543,0,0,0,0,0,0,0,0,0
17449,2369,9614,26402,37137,319791,79237,1201750,3597,21294,13194,0,0,0,0,0,0,0,0,0,0
16293,2195,8723,27427,35676,314221,72908,1090125,3282,19336,12104,0,0,0,0,0,0,0,0,0,0
16408,2095,8654,23373,35482,328092,73755,1081500,3275,19436,12177,0,0,0,0,0,0,0,0,0,0
16511,2268,8738,22940,35507,290635,74270,1092375,3282,19664,12347,0,0,0,0,0,0,0,0,0,0
16621,2164,9011,24916,35045,299622,74688,1126000,3255,19875,12454,0,0,0,0,0,0,0,0,0,0
16315,2197,8951,26836,34808,297669,72991,1118750,3301,19350,12117,0,0,0,0,0,0,0,0,0,0
17545,2274,9393,27141,36641,312274,80475,1173875,3415,21214,13325,0,0,0,0,0,0,0,0,0,0
16311,2050,9002,26903,34031,299354,72966,1125000,3271,19347,12113,0,0,0,0,0,0,0,0,0,0
17146,2335,9983,28884,36373,331977,77784,1247750,3436,20723,12797,0,0,0,0,0,0,0,0,0,0
16399,2187,9881,28520,36423,328489,73724,1234625,3251,19432,12170,0,0,0,0,0,0,0,0,0,0
16300,2175,9136,25572,34747,303786,72944,1141625,3211,19346,12102,0,0,0,0,0,0,0,0,0,0
16481,2138,8151,24911,35167,354247,74043,1019125,3249,19506,12218,0,0,0,0,0,0,0,0,0,0
16297,2248,9267,29465,36317,308228,72912,1158625,3153,19340,12101,0,0,0,0,0,0,0,0,0,0
16284,2205,9195,25486,36597,305810,72863,1149500,3355,19325,12091,0,0,0,0,0,0,0,0,0,0
16321,2251,8854,24589,35809,294466,73012,1106875,3266,19360,12116,0,0,0,0,0,0,0,0,0,0
16283,2137,8182,24349,35146,309821,72867,1022375,3319,19326,12104,0,0,0,0,0,0,0,0,0,0
16474,2087,9036,23937,34758,300506,74156,1129250,3278,19645,12327,0,0,0,0,0,0,0,0,0,0
16249,2150,8909,25192,35700,296320,72748,1113875,3372,19298,12083,0,0,0,0,0,0,0,0,0,0
17073,2299,8557,24755,36419,319890,77184,1070000,3389,20536,12845,0,0,0,0,0,0,0,0,0,0
16321,2233,8128,23563,37224,402529,73000,1016125,3216,19352,12124,0,0,0,0,0,0,0,0,0,0
16426,2272,9443,26314,37670,314119,73834,1180625,3345,19460,12184,0,0,0,0,0,0,0,0,0,0
16287,2170,8388,24120,34733,295875,72881,1048375,3218,19332,12096,0,0,0,0,0,0,0,0,0,0
18062,2761,10837,29396,39486,360464,93883,1354500,3992,25012,15282,23669,0,0,0,0,0,0,0,0,0
16482,2241,9102,26630,34879,302728,74179,1138125,3150,19647,12334,0,0,0,0,0,0,0,0,0,0
16490,2216,8623,30570,38286,377174,74204,1077750,3313,19654,12335,0,0,0,0,0,0,0,0,0,0
16556,2050,8774,24990,32699,291752,74727,1096500,3204,19572,12263,0,0,0,0,0,0,0,0,0,0
17483,2332,9391,26561,36751,312240,79587,1173500,3520,21160,13182,0,0,0,0,0,0,0,0,0,0
16299,2261,9249,26996,35511,307539,72920,1155750,3136,19337,12106,0,0,0,0,0,0,0,0,0,0
16313,2192,6943,28222,35483,381418,72970,868250,3210,19344,12128,0,0,0,0,0,0,0,0,0,0
17065,2105,7705,26149,34559,355075,77582,963125,3277,20563,12970,0,0,0,0,0,0,0,0,0,0
16263,2256,9237,26506,34675,307182,72772,1154750,3290,19302,12085,0,0,0,0,0,0,0,0,0,0
16490,2156,7325,22753,35751,340508,74192,915750,3192,19651,12333,0,0,0,0,0,0,0,0,0,0
16280,2063,9193,25191,34354,305792,72861,1149500,3194,19323,12099,0,0,0,0,0,0,0,0,0,0
16497,2213,9603,29771,36670,319374,74243,1200375,3312,19663,12330,0,0,0,0,0,0,0,0,0,0
16964,2299,9346,24060,35672,310793,76500,1168125,3358,20410,12749,0,0,0,0,0,0,0,0,0,0
16317,2106,9522,25499,33727,316707,72992,1190375,3154,19353,12119,0,0,0,0,0,0,0,0,0,0
16766,2286,8990,25668,34648,302394,76064,1123625,3155,19900,12500,0,0,0,0,0,0,0,0,0,0
16399,2160,9012,25069,34167,299711,73731,1126625,3282,19435,12171,0,0,0,0,0,0,0,0,0,0
16364,2393,9952,28909,36712,330894,78088,1244250,3499,20708,12933,23527,0,0,0,0,0,0,0,0,0
16286,2180,8486,28804,35298,328784,72899,1060625,3245,19332,12106,0,0,0,0,0,0,0,0,0,0
18508,2507,10461,26379,38648,347831,85340,1307625,3672,23052,14100,11533,0,0,0,0,0,0,0,0,0
17393,2384,8697,27358,37079,332679,79373,1087000,3483,21128,13073,0,0,0,0,0,0,0,0,0,0
17371,2353,9351,22948,37528,310978,78781,1168750,3562,21190,13094,0,0,0,0,0,0,0,0,0,0
16404,2232,9566,28541,36169,332847,73754,1195875,3207,19443,12172,0,0,0,0,0,0,0,0,0,0
16665,2285,9231,25642,37467,307006,74928,1154000,3346,19911,12500,0,0,0,0,0,0,0,0,0,0
17159,2316,10081,30469,37687,335176,77828,1260000,3455,20870,12877,0,0,0,0,0,0,0,0,0,0
16571,2129,7705,24226,35895,341169,74815,963250,3423,19593,12270,0,0,0,0,0,0,0,0,0,0
16308,2135,9389,25183,34886,312191,72951,1173750,3220,19342,12108,0,0,0,0,0,0,0,0,0,0
16674,2287,9677,29065,37462,321750,75011,1209750,3292,19944,12521,0,0,0,0,0,0,0,0,0,0
17290,2344,9245,25538,37991,330973,78596,1155500,3521,21047,13013,0,0,0,0,0,0,0,0,0,0
16264,2246,9492,29752,35319,340331,72799,1186625,3221,19312,12088,0,0,0,0,0,0,0,0,0,0
16420,2194,9019,27480,34555,299917,73803,1127500,3139,19449,12179,0,0,0,0,0,0,0,0,0,0
16291,2204,9176,26267,35153,305127,72914,1147000,3230,19337,12109,0,0,0,0,0,0,0,0,0,0
16890,2262,9313,25780,37212,309720,76551,1164250,3414,20122,12621,0,0,0,0,0,0,0,0,0,0
16292,2255,9369,26533,35708,311602,72906,1171375,3186,19337,12107,0,0,0,0,0,0,0,0,0,0
17607,2380,9339,26503,37061,310607,80333,1167250,3535,21596,13366,0,0,0,0,0,0,0,0,0,0
16277,2168,8980,25669,35189,335492,72832,1122250,3300,19316,12100,0,0,0,0,0,0,0,0,0,0
16548,2298,9370,27019,36639,311594,74713,1171125,3285,19575,12255,0,0,0,0,0,0,0,0,0,0
12775,2225,7620,25620,35990,374264,81653,952375,3509,21628,13564,27780,0,0,0,0,0,0,0,0,0
16336,2221,7283,27150,36793,361321,73077,910500,3319,19373,12135,0,0,0,0,0,0,0,0,0,0
13726,2334,8780,28793,37511,377231,77107,1097750,3386,20574,12849,26489,0,0,0,0,0,0,0,0,0
22514,2728,9804,27514,40017,353463,89470,1225250,3698,23820,14926,0,0,0,0,0,0,0,0,0,0
16407,2097,8482,25556,34448,303937,73750,1060250,3245,19439,12173,0,0,0,0,0,0,0,0,0,0
16268,2184,9168,27099,34400,304895,72816,1146000,3159,19314,12093,0,0,0,0,0,0,0,0,0,0
16584,2239,9845,26905,37844,327498,74853,1231000,3412,19600,12282,0,0,0,0,0,0,0,0,0,0
16744,2252,9371,25743,36985,311685,76000,1171500,3196,19892,12480,0,0,0,0,0,0,0,0,0,0
16822,2149,9283,26735,35036,314888,76022,1160000,3398,20196,12706,0,0,0,0,0,0,0,0,0,0
17106,2232,9491,26152,36285,315699,77487,1186625,3560,20770,12823,0,0,0,0,0,0,0,0,0,0
16669,2187,9520,25834,35249,316641,74917,1190125,3284,19931,12504,0,0,0,0,0,0,0,0,0,0
16280,2187,9461,28193,36547,314643,72858,1182750,3289,19326,12094,0,0,0,0,0,0,0,0,0,0
15658,2216,9269,26639,36409,341564,78897,1158750,3485,21074,13210,24205,0,0,0,0,0,0,0,0,0
16659,2192,9399,28454,35340,312609,74896,1174750,3380,19909,12501,0,0,0,0,0,0,0,0,0,0
16300,2123,8736,24746,35141,326898,72929,1092000,3289,19334,12115,0,0,0,0,0,0,0,0,0,0
16546,2276,9218,25865,36073,306566,74692,1152250,3310,19572,12260,0,0,0,0,0,0,0,0,0,0
16567,2242,8941,26106,36330,355381,74762,1117625,3212,19580,12273,0,0,0,0,0,0,0,0,0,0
16503,2137,9292,26144,36120,308983,74260,1161375,3223,19668,12341,0,0,0,0,0,0,0,0,0,0
16654,2227,9857,27348,36818,327756,74947,1232000,3468,19924,12497,0,0,0,0,0,0,0,0,0,0
16983,2371,9233,24311,36837,306942,76985,1153750,3404,20339,12792,0,0,0,0,0,0,0,0,0,0
16427,2082,9303,26956,33360,309331,73839,1163000,3303,19461,12179,0,0,0,0,0,0,0,0,0,0
17074,2339,10020,26596,37868,333249,77186,1252875,3452,20629,12913,0,0,0,0,0,0,0,0,0,0
16556,1989,7906,24108,34000,326894,74728,988000,3283,19575,12264,0,0,0,0,0,0,0,0,0,0
16643,2125,7139,24828,34265,333827,74789,892250,3225,19894,12493,0,0,0,0,0,0,0,0,0,0
16632,2346,9034,28549,36836,356082,75163,1129625,3281,19789,12415,0,0,0,0,0,0,0,0,0,0
17079,2195,9718,27568,36290,323187,77248,1214875,3360,20651,12923,0,0,0,0,0,0,0,0,0,0
16288,2148,9528,28515,35005,316775,72880,1190875,3343,19328,12098,0,0,0,0,0,0,0,0,0,0
17481,2320,8671,24164,36983,332627,79971,1083875,3464,21191,13074,0,0,0,0,0,0,0,0,0,0
16769,2241,9597,26834,37462,319090,75739,1199375,3375,20032,12575,0,0,0,0,0,0,0,0,0,0
16299,2268,9597,25294,35438,319114,72938,1199125,3259,19345,12105,0,0,0,0,0,0,0,0,0,0
16551,2209,6918,24804,35892,374385,74713,864875,3353,19576,12261,0,0,0,0,0,0,0,0,0,0
16417,2321,9016,25989,36062,299866,73789,1127250,3196,19449,12174,0,0,0,0,0,0,0,0,0,0
16292,2211,9457,27109,34643,314537,72921,1182125,3079,19339,12104,0,0,0,0,0,0,0,0,0,0
18110,2314,10621,26534,36708,353219,82425,1327500,3593,22287,13806,0,0,0,0,0,0,0,0,0,0
16404,2254,9305,26427,36084,309347,73739,1162750,3214,19436,12173,0,0,0,0,0,0,0,0,0,0
16888,2238,9339,26987,35911,310592,76394,1167250,3427,20285,12751,0,0,0,0,0,0,0,0,0,0
16264,2208,9459,27757,36088,314611,72794,1182625,3208,19308,12085,0,0,0,0,0,0,0,0,0,0
14971,2269,10010,28964,35426,332867,79882,1251375,3610,21368,13357,21341,0,0,0,0,0,0,0,0,0
16762,2195,9021,28472,35166,315129,75255,1127875,3280,19788,12375,0,0,0,0,0,0,0,0,0,0
17386,2221,9498,29875,35505,315873,79510,1187250,3234,20924,13115,0,0,0,0,0,0,0,0,0,0
16313,2153,7446,26544,35079,391018,72991,930750,3359,19355,12115,0,0,0,0,0,0,0,0,0,0
16299,2185,7298,26483,34135,366098,72919,912125,3144,19338,12109,0,0,0,0,0,0,0,0,0,0
16732,2238,7789,26484,35968,358985,75940,973750,3280,19873,12484,0,0,0,0,0,0,0,0,0,0
16508,2166,8427,23732,35680,306013,74267,1053375,3293,19669,12339,0,0,0,0,0,0,0,0,0,0
16620,2229,9276,27637,37041,308477,74730,1159375,3397,19878,12467,0,0,0,0,0,0,0,0,0,0
16431,2183,9372,24617,34831,311634,73857,1171000,3330,19465,12185,0,0,0,0,0,0,0,0,0,0
16515,2087,9644,27045,34390,320667,74310,1205250,3192,19676,12349,0,0,0,0,0,0,0,0,0,0
18362,2478,10557,28842,38925,351020,84398,1319125,3698,22800,14082,23365,0,0,0,0,0,0,0,0,0
16276,1977,8850,26129,33727,294313,72845,1106000,3235,19322,12092,0,0,0,0,0,0,0,0,0,0
16634,2107,9023,25579,33788,300163,75165,1128125,3232,19788,12421,0,0,0,0,0,0,0,0,0,0
17031,2044,9218,23921,32850,486722,76873,1152125,3292,20282,12748,0,0,0,0,0,0,0,0,0,0
16425,2240,6859,24584,35952,356646,73826,857625,3229,19458,12187,0,0,0,0,0,0,0,0,0,0
17146,2277,9088,23788,36532,302207,77818,1136000,3417,20740,12811,0,0,0,0,0,0,0,0,0,0
16544,2167,9745,29157,35292,323989,74704,1217500,3181,19570,12257,0,0,0,0,0,0,0,0,0,0
16272,2153,8742,19936,34899,290635,72836,1092500,3364,19318,12096,0,0,0,0,0,0,0,0,0,0
16282,2060,9421,28113,34725,313362,72869,1178125,3280,19329,12101,0,0,0,0,0,0,0,0,0,0
831753,24324,40601,96409,287042,5990597,4896209,5075125,73609,1316710,699115,172244,0,0,0,0,0,0,0,0,0
16487,2131,6590,26238,35370,381498,74195,824000,3305,19650,12322,0,0,0,0,0,0,0,0,0,0
16628,2299,8709,25645,36638,322949,75150,1088750,3138,19783,12416,0,0,0,0,0,0,0,0,0,0
19728,2265,9820,26901,35741,326591,89772,1227125,3701,23478,14351,0,0,0,0,0,0,0,0,0,0
16286,2285,9674,28596,36260,321694,72886,1209375,3150,19332,12097,0,0,0,0,0,0,0,0,0,0
17449,2368,8776,26010,37669,336437,79251,1097500,3523,21183,13168,0,0,0,0,0,0,0,0,0,0
17659,2321,10003,26843,37091,332710,80762,1250500,3548,21401,13368,25953,0,0,0,0,0,0,0,0,0
21166,2715,10680,28244,41424,355139,97528,1334875,4071,26191,15893,0,0,0,0,0,0,0,0,0,0
16971,2186,9549,29878,35922,317629,78361,1193750,3425,20806,13012,17188,0,0,0,0,0,0,0,0,0
343760,31874,91316,253393,468572,7534915,5254217,11414500,78182,1420887,751990,216364,0,0,0,0,0,0,0,0,1
10042187,157115,1253126,371738,1782710,53479211,76301067,156799625,1017090,21917945,12696583,4274263,182330,94087,345838,0,0,0,0,0,1
280780959,1336629,5883264,1108533,12779417,696607487,1087353773,737866973,5958384,292941835,155169077,13553631,853465,379193,1432777,77128,322483918,3893,192444236,1194873,1
6602368751,35267038,114162618,4359643,210859615,21318270723,29000722106,14285522485,270245976,7582119282,4902178298,472198228,14944307,26160066,35082400,32947,7645750398,9045,4947467077,24322587,1
51943,5611,23434,66146,93888,820904,255481,2929125,9958,69529,42585,0,0,0,0,0,0,0,0,0,1
16807,2321,10087,30816,37420,335454,75872,1261000,3354,20054,12602,0,0,0,0,0,0,0,0,0,1
6812376723,37336151,115233217,887566,143664074,21928656716,30157563268,14398201418,293833835,7887326718,5101236735,460764545,12957464,24390156,37203278,36736,7921250508,9636,5120520452,25361106,1
39240,4265,11561,53250,69317,905898,147637,1445250,5932,38950,24822,36479,0,0,0,0,0,0,0,0,1
119294,9346,18032,46081,151604,1813687,633889,2254000,19759,176269,103655,0,0,0,0,0,0,0,0,0,1
125296,9933,28445,78818,167650,1797005,642657,3555750,21622,177604,105816,0,0,0,0,0,0,0,0,0,1
16422,2258,6458,25322,36443,373138,73798,807375,3198,19450,12184,0,0,0,0,0,0,0,0,0,1
24913,3357,14376,41633,58208,478013,120498,1796875,5031,31757,20020,0,0,0,0,0,0,0,0,0,1
16422,2199,7355,28675,35064,410306,73824,919250,3312,19456,12186,0,0,0,0,0,0,0,0,0,1
22320,2848,10099,30283,47297,656241,99009,1262750,4042,25730,16487,0,0,0,0,0,0,0,0,0,1
16528,2170,8998,25055,35457,299261,74622,1124750,3212,19553,12245,0,0,0,0,0,0,0,0,0,1
16317,2182,9277,28527,35804,308430,72988,1159625,3204,19352,12118,0,0,0,0,0,0,0,0,0,1
16301,2126,6238,24926,34852,366403,72996,779375,3231,19360,12117,0,0,0,0,0,0,0,0,0,1
16651,2086,8904,25757,33074,296064,74818,1112875,3338,19898,12481,0,0,0,0,0,0,0,0,0,1
16651,2298,9447,25697,36884,314075,74817,1180625,3340,19896,12492,0,0,0,0,0,0,0,0,0,1
16260,2048,9368,24001,33795,311552,72774,1171250,3223,19305,12079,0,0,0,0,0,0,0,0,0,1
23791,3023,12460,36685,49005,440982,105296,1557250,4364,27798,18156,0,0,0,0,0,0,0,0,0,1
9817761,175450,1374947,418276,1956238,45894723,60049332,172400750,1185398,16149653,9414804,4523872,145172,139460,177418,6171,0,0,0,0,1
16487,2153,8929,26948,34930,296964,74202,1116250,3241,19654,12334,0,0,0,0,0,0,0,0,0,1
17233,2368,8312,26745,37767,455430,78001,1038875,3337,20943,12844,0,0,0,0,0,0,0,0,0,1
34202,4278,17184,57069,68582,612194,147534,2147625,6083,39038,24872,34364,0,0,0,0,0,0,0,0,1
9701549,1087346,1539882,987733,11422317,230644759,233309684,220020383,4870075,54862623,49776644,876829,4067730,36679,1118,753,66631719,1127,57838850,24388,1
16288,2218,9374,28360,34533,311759,72895,1171625,3165,19334,12094,0,0,0,0,0,0,0,0,0,1
16269,2076,8448,25018,33925,317603,72827,1055875,3240,19316,12091,0,0,0,0,0,0,0,0,0,1
16268,2095,8583,23851,32324,285465,72814,1073000,3046,19317,12089,0,0,0,0,0,0,0,0,0,1
16406,2003,9185,25218,32481,305474,73743,1148250,3187,19438,12165,0,0,0,0,0,0,0,0,0,1
23627,2560,8066,23258,41439,416248,111336,1008500,4196,30058,18112,0,0,0,0,0,0,0,0,0,1
16279,2254,9546,27005,36842,317428,72858,1193250,3260,19326,12094,0,0,0,0,0,0,0,0,0,1
29032,2999,10354,31413,48727,505967,140472,1294500,4667,38654,23756,0,0,0,0,0,0,0,0,0,1
10478178,1911417,450250,46244,397565,83489697,74888511,56761500,349416,9592078,4738332,46993,20026,20597,1490546,0,0,0,0,0,1
17005,2290,9250,24698,35883,307616,76798,1156125,3415,20477,12869,0,0,0,0,0,0,0,0,0,1
16266,2184,9497,29387,35847,315835,72798,1187125,3141,19306,12087,0,0,0,0,0,0,0,0,0,1
16318,2168,9395,27409,35127,312416,73002,1174250,3129,19357,12121,0,0,0,0,0,0,0,0,0,1
17094,2361,8836,27988,36814,346988,77548,1104750,3380,20671,12775,0,0,0,0,0,0,0,0,0,1
51549,5670,23237,65600,94605,811946,256380,2904500,9915,69231,42364,0,0,0,0,0,0,0,0,0,1
335271,49859,189360,475208,859319,6297231,1839020,23669500,68077,487365,316313,520130,35561,0,0,0,0,0,0,0,1
13355017227,50541909,230678349,110607072,392033223,44004334763,62582258341,28833680786,340851045,16558339386,10503410195,2232228918,29391663,72935854,51391473,1580951,16552784119,371435,10505743116,37559291,1
17013,2363,9753,27342,36394,324358,76669,1219250,3257,20452,12777,0,0,0,0,0,0,0,0,0,1
40342,3178,10084,29694,51080,527627,210764,1260625,4948,57463,34540,0,0,0,0,0,0,0,0,0,1
16331,2255,8648,25989,35689,327019,73059,1081375,3269,19368,12125,0,0,0,0,0,0,0,0,0,1
17535,2340,9333,23847,36314,310365,80162,1166625,3234,21194,13292,0,0,0,0,0,0,0,0,0,1
16408,2205,6594,28482,35131,481894,73739,824625,3273,19437,12174,0,0,0,0,0,0,0,0,0,1
16452,2075,9547,29185,34285,317415,73935,1193250,3291,19485,12194,0,0,0,0,0,0,0,0,0,1
16255,2187,9099,28744,35210,302574,72763,1137250,3183,19302,12088,0,0,0,0,0,0,0,0,0,1
16640,2094,7604,28357,34330,368874,74726,950500,3256,19877,12465,0,0,0,0,0,0,0,0,0,1
17383,2389,9975,28060,36767,331829,78915,1247250,3495,21197,13124,0,0,0,0,0,0,0,0,0,1
16548,2240,9494,27282,36081,315720,74708,1186875,3176,19573,12262,0,0,0,0,0,0,0,0,0,1
32001,4218,17804,55110,69118,591988,151503,2225000,5978,40198,25624,0,0,0,0,0,0,0,0,0,1
17228,2338,10199,25033,37685,339167,78129,1274750,3404,20835,13029,0,0,0,0,0,0,0,0,0,1
19592348,439679,2003649,2134174,6246307,112709261,143521728,257656416,3389319,43055496,25895837,13455719,533447,294085,577379,48454,48382866,2283,25801651,308574,1
16302,2236,9384,27201,36090,312073,72939,1173250,3234,19342,12115,0,0,0,0,0,0,0,0,0,1
104040,7542,33374,78991,115946,1124852,538625,4171750,12505,156458,87914,0,0,0,0,0,0,0,0,0,1
16290,2129,9031,25839,34592,300332,72915,1128750,3191,19338,12098,0,0,0,0,0,0,0,0,0,1
6840823872,36752936,115799670,1180263,168977889,21794340953,30028006722,14471841257,285536279,7826340429,5057593515,483098434,13369439,21294894,36514182,34988,7900752933,9986,5125524384,25612340,1
20492556,3730011,852557,94797,924053,159820483,161216909,108517673,716555,16935113,7203095,63727,66669,31573,4023265,1280,28282315,0,0,0,1
17112,2354,9242,26599,36189,307384,77561,1155375,3243,20660,12952,0,0,0,0,0,0,0,0,0,1
17496,2240,9352,22808,34638,310946,79143,1168750,3298,20928,13058,0,0,0,0,0,0,0,0,0,1
33867,3047,10496,32005,49522,568810,167749,1312500,4823,46305,27828,0,0,0,0,0,0,0,0,0,1
17074986,306869,2393935,943327,3749574,79701897,97541679,298405154,1982265,27127157,15523250,7418595,301296,156573,325265,20172,24216047,0,0,0,1
16467,2197,7706,26807,35983,373599,73989,963500,3375,19489,12209,0,0,0,0,0,0,0,0,0,1
36620,4573,15593,43971,67559,641977,157849,1949625,5866,41324,26621,0,0,0,0,0,0,0,0,0,1
16494,2237,9097,27576,36591,302534,74225,1137375,3285,19658,12334,0,0,0,0,0,0,0,0,0,1
17167,2372,7984,26045,37832,371530,77991,998125,3496,20681,12939,23228,0,0,0,0,0,0,0,0,1
16476,2231,8325,27063,35768,345798,74015,1040875,3284,19497,12212,0,0,0,0,0,0,0,0,0,1
16337,2216,9429,26816,36312,313621,73082,1179125,3297,19371,12133,0,0,0,0,0,0,0,0,0,1
30372,3167,10322,28749,51506,506470,149683,1290375,4866,40925,25154,0,0,0,0,0,0,0,0,0,1
6866213755,32538180,115512733,1255868,142870592,21921189188,30327759750,14436106673,288651292,7934966783,5126768270,492297379,11896874,19790735,32806434,25103,7984648786,4692,5157353782,20650883,1
30650,3121,9990,31098,50667,523821,150245,1248625,4897,41448,25432,0,0,0,0,0,0,0,0,0,1
16482,2203,8982,27571,36260,348241,74172,1122250,3232,19649,12326,0,0,0,0,0,0,0,0,0,1
16939,2201,8291,24022,35840,336071,76344,1036875,3365,20374,12720,0,0,0,0,0,0,0,0,0,1
46561,5687,23648,64551,94459,786414,256746,2955875,10118,69824,42606,54980,0,0,0,0,0,0,0,0,1
34359,4648,17570,49709,71527,620374,162970,2195875,6322,43601,26983,0,0,0,0,0,0,0,0,0,1
16293,2136,9865,28792,37353,332805,72898,1233250,3313,19332,12106,0,0,0,0,0,0,0,0,0,1
37730,3138,10702,31033,50966,540846,194197,1337750,4905,52873,31727,0,0,0,0,0,0,0,0,0,1
16952,2267,8779,28792,36983,337495,76420,1097500,3339,20401,12729,0,0,0,0,0,0,0,0,0,1
18671,2332,10604,30406,38713,352634,83564,1325625,3594,22055,13900,0,0,0,0,0,0,0,0,0,1
6848964874,35771923,116348267,1351953,150321350,21983965237,30272462264,14545013308,281146395,7920338836,5117993253,491800464,12673772,27484051,35839429,20840,7965189390,2993,5147549393,24358903,1
16288,2279,9741,29669,35722,327378,72895,1217875,3271,19334,12100,0,0,0,0,0,0,0,0,0,1
17637,2327,9951,28968,35865,330902,80427,1244000,3409,21609,13369,0,0,0,0,0,0,0,0,0,1
18653,2407,8295,26773,37392,396922,83484,1036875,3442,22039,13889,0,0,0,0,0,0,0,0,0,1
32573,3314,10555,27860,52840,451693,169368,1319125,5033,46246,27552,0,0,0,0,0,0,0,0,0,1
17072,2209,9292,26889,34928,309120,77335,1162000,3498,20744,12798,0,0,0,0,0,0,0,0,0,1
17358399,193357,1227570,379357,1783487,52733278,74145477,154242442,974435,21188526,12289806,3582194,120585,66087,155622,5636,18431047,0,0,0,1
55618,5696,23092,64862,94432,872875,277548,2886625,10019,75332,45576,0,0,0,0,0,0,0,0,0,1
16495,2208,7266,22732,35926,387608,74210,908500,3343,19652,12343,0,0,0,0,0,0,0,0,0,1
33554,3046,10425,32884,50757,515833,168019,1303625,4929,45997,27868,0,0,0,0,0,0,0,0,0,1
16344,2155,8607,25919,35231,327046,73097,1076125,3290,19378,12134,0,0,0,0,0,0,0,0,0,1
16251257,455156,2856462,1815398,6311193,101188227,106011558,353736154,2231257,30046484,17060376,9150112,402290,200682,510639,45404,0,0,0,0,1
16449,2282,7067,27514,36616,389650,73916,883625,3268,19482,12194,0,0,0,0,0,0,0,0,0,1
16431,2307,9709,27218,36255,322943,73854,1213750,3163,19466,12190,0,0,0,0,0,0,0,0,0,1
17289,2363,10283,27073,38937,341985,78444,1285250,3496,21029,12967,0,0,0,0,0,0,0,0,0,1
41265,3119,10817,34812,50873,555040,216687,1352125,5115,59102,35509,0,0,0,0,0,0,0,0,0,1
12134233172,112267264,227523870,69503,529968172,42329704149,53751506900,28454135592,138725491,16021750224,9572704441,117020406,35909436,138255214,112250338,66483,16001811629,880,9560028217,100877950,1
10186716,179619,1429521,456080,2132840,47548256,62028413,178727038,1268964,16739142,9748473,4689142,154501,127268,173153,6514,0,0,0,0,1
17385,2311,9299,23671,35780,309198,78648,1162500,3370,20764,13032,0,0,0,0,0,0,0,0,0,1
32172,3225,10564,33420,51998,547230,159905,1320125,4999,43736,26989,0,0,0,0,0,0,0,0,0,1
18454,2397,9849,29322,38082,327496,82197,1231000,3472,21720,13667,0,0,0,0,0,0,0,0,0,1
212188,18434,42390,103809,319583,4223996,3341313,5299250,58461,934042,502642,153376,0,0,0,0,0,0,0,0,1
31461,3138,10652,36804,53243,558672,152923,1331250,5183,42280,25775,0,0,0,0,0,0,0,0,0,1
16382,2280,9425,25967,35150,313485,73667,1178000,3210,19420,12166,0,0,0,0,0,0,0,0,0,1
16421,2233,9327,23233,35328,310142,73797,1165875,3217,19453,12176,0,0,0,0,0,0,0,0,0,1
16279,2114,8981,25454,34679,298674,72851,1122375,3264,19316,12105,0,0,0,0,0,0,0,0,0,1
286248,43299,157016,417909,744366,5678632,1616385,19627000,58828,427556,277171,463035,31236,0,0,0,0,0,0,0,1
6792625239,36860017,114672198,1176414,139173260,21855580815,30029191187,14331677269,279420864,7853737237,5078697885,457120295,11178868,20724562,36968297,34201,7885850277,8852,5096486517,24903825,1
79533,10266,41284,134252,172479,1500001,381208,5160250,13680,101399,63312,0,0,0,0,0,0,0,0,0,1
51974,5507,23777,66924,90158,790641,254737,2971875,9962,69316,42289,0,0,0,0,0,0,0,0,0,1
17713,2392,9058,29675,38735,375658,79887,1132625,3661,21422,13444,21515,0,0,0,0,0,0,0,0,1
23954,2980,11255,36595,49341,467757,106423,1406625,4505,27949,18258,0,0,0,0,0,0,0,0,0,1
56959,5770,21254,65537,95813,957302,283499,2657000,10561,77584,46719,0,0,0,0,0,0,0,0,0,1
13030778,299530,1067195,1322425,4304419,62803205,59213146,132120375,1088311,16082817,8549674,2386519,383493,83996,249295,28532,0,0,0,0,1
16406,2166,9333,27027,34095,310359,73738,1166625,3189,19434,12174,0,0,0,0,0,0,0,0,0,1
20488,2613,11210,29372,39663,372740,93553,1401125,3982,25004,15123,0,0,0,0,0,0,0,0,0,1
16318,2122,8448,28037,34739,362524,72999,1056000,3314,19354,12119,0,0,0,0,0,0,0,0,0,1
30364,3150,10752,33408,52945,541812,147678,1343875,4980,40780,25098,0,0,0,0,0,0,0,0,0,1
20146,2808,11365,28634,43410,377913,98084,1420375,4045,26064,16238,26667,0,0,0,0,0,0,0,0,1
16313,2232,9559,29176,35147,317873,72970,1194750,3242,19347,12116,0,0,0,0,0,0,0,0,0,1
468823,62057,206929,254170,813642,7513348,2264217,25866250,93382,622295,363740,464546,0,0,0,0,0,0,0,0,1
6712733983,31336509,181334501,2881912,1032671161,33990033366,30618009695,22658929428,414098996,7563426470,4943830018,490441026,49486137,199219916,31339592,50017,7656448298,8736867,5013294580,21383453,1
6842403410,39337145,115619936,937467,124006166,22010424162,30311507205,14447492647,280536068,7928856223,5099844266,492993503,10585298,25005772,39420638,29549,7959975408,5389,5122565258,29461101,1
31103,4219,11911,50573,67829,779213,145794,1489000,6092,38926,24129,0,0,0,0,0,0,0,0,0,1
38102,4692,16723,45248,68600,659190,166766,2090375,5888,43889,28257,0,0,0,0,0,0,0,0,0,1
16744,2154,9282,29097,35442,308637,75989,1160250,3342,19879,12495,0,0,0,0,0,0,0,0,0,1
30585,4049,16889,51438,64749,561686,143313,2110875,5695,38064,23874,0,0,0,0,0,0,0,0,0,1
448117,13928,33008,70060,238225,3291439,2850685,4125750,46009,793151,416443,140100,0,0,0,0,0,0,0,0,1
16292,2137,9455,28017,35321,314429,72900,1181625,3242,19336,12099,0,0,0,0,0,0,0,0,0,1
16282,2205,9045,28297,33994,300759,72879,1130500,3129,19329,12100,0,0,0,0,0,0,0,0,0,1
16566,2210,7122,26149,35442,395756,74514,890125,3204,19624,12291,0,0,0,0,0,0,0,0,0,1
24944442,17916,27325590,17099129,111831254,4983910252,1010657510,3386806173,45196781,147115109,134118408,769124,37540013,399894,92558,6859,180707354,438,134107478,12764,1
16649,2226,7404,25755,36468,384918,74824,925000,3426,19893,12489,0,0,0,0,0,0,0,0,0,1
16867,2391,10027,26433,36883,333477,76967,1253625,3435,20549,12823,18062,0,0,0,0,0,0,0,0,1
11671533,186068,1431149,427958,1825260,58039497,85550308,179595322,1142859,24947781,14449643,4773571,145400,95794,222809,6724,30391661,0,0,0,1
17200,2362,9832,25864,38081,327027,80423,1229125,3509,21472,13407,23294,0,0,0,0,0,0,0,0,1
612687,15442,37383,92715,265917,4126838,3508352,4672250,48242,971974,533215,186849,0,0,0,0,0,0,0,0,1
54990,5624,14450,63592,93755,1135093,271714,1806375,9962,74210,44891,0,0,0,0,0,0,0,0,0,1
16637,2178,7854,26216,35570,392756,75195,981500,3350,19791,12421,0,0,0,0,0,0,0,0,0,1
24624878,381604,2153664,1065036,4541299,88601466,105082428,265356200,2128146,29230637,16684677,7233200,308660,144550,332874,25133,0,0,0,0,1
17735,2335,9586,25437,37342,318723,81228,1198000,3431,21590,13477,0,0,0,0,0,0,0,0,0,1
16267,2121,9667,28121,34295,321514,72820,1208500,3101,19317,12087,0,0,0,0,0,0,0,0,0,1
16285,2194,9408,27555,36816,312907,72871,1176500,3291,19327,12099,0,0,0,0,0,0,0,0,0,1
16302,2177,8144,21420,35155,310107,72922,1017750,3320,19337,12111,0,0,0,0,0,0,0,0,0,1
6807750822,34340548,115414527,827141,168299039,21932235095,30210732728,14426806999,283802730,7906120763,5084751172,487079258,14523230,25206575,34561141,29951,7930053604,5944,5100916913,21651662,1
16782,2258,9840,27015,35585,327111,75739,1229875,3263,20020,12562,0,0,0,0,0,0,0,0,0,1
30666,4096,17931,54768,68246,596324,143586,2241375,5760,38128,23922,0,0,0,0,0,0,0,0,0,1
61305,5480,22569,59499,92026,824583,265273,2820625,10332,71940,42676,39160,0,0,0,0,0,0,0,0,1
16287,2201,9283,24989,36765,308741,72866,1160750,3294,19327,12092,0,0,0,0,0,0,0,0,0,1
17674,2436,9122,29595,38712,363233,80736,1140125,3562,21438,13336,0,0,0,0,0,0,0,0,0,1
13121099,229144,1868390,1248918,3558828,64215420,77239044,234254229,1337453,22428809,11726623,5245316,220152,143064,245903,9237,0,0,0,0,1
56443,5865,25535,67618,98573,849187,273639,3191875,10695,74743,45389,51232,0,0,0,0,0,0,0,0,1
16302,2177,9319,27094,34988,315987,72953,1164500,3163,19347,12106,0,0,0,0,0,0,0,0,0,1
14282174532,63716706,232915149,59054979,323745502,44482741083,67953689380,29115101360,299982066,17882804301,11211525461,1627976364,25526384,73381151,63550379,989737,17934591983,74389,11242988961,37390758,1
17501,2310,9128,25406,35829,396991,79553,1141125,3572,21364,13212,0,0,0,0,0,0,0,0,0,1
16495,2091,8111,23876,35574,315318,73964,1014250,3365,19603,12272,0,0,0,0,0,0,0,0,0,1
6784795618,37022560,114742830,1421943,147627681,21769861740,30063017690,14336891954,296519048,7866391921,5087266289,487310317,11324171,23109506,37258083,37494,7912981985,11512,5118583642,26313873,1
16457,2191,9412,27898,35187,313047,73957,1176500,3290,19491,12202,0,0,0,0,0,0,0,0,0,1
10299245,199700,1511477,672483,2418023,50483884,63758552,189636250,1272804,17827329,10352453,4923786,177647,104926,194067,11801,0,0,0,0,1
33790,3026,10304,32325,49297,510183,169412,1288250,4860,46393,28178,0,0,0,0,0,0,0,0,0,1
17662,2314,10067,27821,35996,338535,80862,1258250,3533,21607,13378,0,0,0,0,0,0,0,0,0,1
14289,2109,9295,23979,33616,309077,77958,1161625,3382,20686,12929,21473,0,0,0,0,0,0,0,0,1
30851,4330,18084,53873,69580,601389,145197,2260375,6060,38240,24457,0,0,0,0,0,0,0,0,0,1
16412,2246,8168,25018,35435,318052,73786,1021000,3315,19451,12175,0,0,0,0,0,0,0,0,0,1
30540,4464,17534,48456,65766,583072,160931,2191625,5898,42239,27191,38497,0,0,0,0,0,0,0,0,1
17154,2312,9075,27854,37375,322896,78057,1133750,3471,20886,13032,24097,0,0,0,0,0,0,0,0,1
107634592,1748633,2728100,848470,12928512,444741484,533499929,349765362,4003677,227597791,61124284,1197524,2195492,133804,1463774,11527,464461400,74,78324098,362,1
30353,3082,10671,31967,50227,515690,147753,1333250,4766,40518,24541,0,0,0,0,0,0,0,0,0,1
17357,2200,8414,24089,36299,395883,79114,1051750,3403,21090,13029,0,0,0,0,0,0,0,0,0,1
16879,2170,9545,26331,35456,326230,76300,1193000,3381,20265,12742,0,0,0,0,0,0,0,0,0,1
16983,2233,9558,24099,36478,317853,77120,1194500,3301,20349,12811,0,0,0,0,0,0,0,0,0,1
16299,2088,6776,27597,33442,379962,72930,847000,3161,19342,12104,0,0,0,0,0,0,0,0,0,1
15365936,319813,1819107,900992,3175683,74071590,92158147,227579682,1867796,26063496,14913437,7175360,216941,124514,269382,12030,0,0,0,0,1
32839,3044,10262,32314,49887,523264,163443,1283000,4885,44911,27143,0,0,0,0,0,0,0,0,0,1
7144708546,35505517,117173803,2854110,117034481,21758905568,30780970885,14651620197,289705683,8052080055,5289417238,440440016,10366979,18572034,35721082,55811,8245031762,13657,5417013861,24351967,1
18125,2382,9850,22845,38012,327600,83130,1231250,3641,22397,13608,0,0,0,0,0,0,0,0,0,1
16417,2185,7668,26748,35080,373457,73800,958375,3212,19450,12187,0,0,0,0,0,0,0,0,0,1
16295,2186,8506,26157,36577,332560,72903,1063250,3272,19330,12111,0,0,0,0,0,0,0,0,0,1
16412,2226,9104,24207,35906,302705,73757,1137750,3330,19440,12177,0,0,0,0,0,0,0,0,0,1
82688,9033,30851,97028,156213,1382134,419156,3856125,13239,114889,68598,0,0,0,0,0,0,0,0,0,1
30546,4178,17410,54165,69385,579058,143610,2176500,5846,37892,24219,0,0,0,0,0,0,0,0,0,1
16498,2170,5939,25977,34042,452751,74234,742500,3225,19660,12340,0,0,0,0,0,0,0,0,0,1
6901471716,31296913,115973977,1292239,126743651,21893201081,30380716654,14494250209,282098361,7944751627,5133446929,460856220,11439357,19196045,31320216,26004,8041376793,4156,5195151773,19478846,1
4696932,94236,704673,307798,1138665,23719316,30472853,88563250,589045,8532752,4955523,2377612,81019,48763,91372,3503,0,0,0,0,1
29752,2943,10602,32618,50477,516526,144260,1325125,4786,39753,24319,0,0,0,0,0,0,0,0,0,1
6868379319,37300507,115503193,871969,119609116,21999008227,30470765426,14423147922,284550357,7969829550,5127979779,494924339,10342091,23878950,37203429,28299,7986005305,8466,5142998731,25579963,1
4945406,101569,731579,376392,1202605,25098164,31662107,93278375,647095,8819632,5110370,2511588,87212,53348,94068,0,0,0,0,0,1
5332242,94621,745112,320359,1337142,26757998,33365964,93023750,696621,9293684,5370511,2893614,130800,89117,171012,0,0,0,0,0,1
30283,4191,16248,54415,67946,636935,141707,2030750,5763,37580,23538,0,0,0,0,0,0,0,0,0,1
12762083767,106716830,227185240,76995,545749946,42299790566,57988920573,28414371669,124635891,16841266669,10304247816,1811316,36769171,128116667,106818895,47342,16834569619,1334,10304481022,74061162,1
46682,5675,18003,49759,87551,754594,212364,2250125,7632,55781,35759,0,0,0,0,0,0,0,0,0,1
30957,3062,9252,31731,51020,619077,149709,1156625,5117,41314,24875,0,0,0,0,0,0,0,0,0,1
16910,2154,9912,26860,34291,329603,76387,1238500,3426,20286,12770,0,0,0,0,0,0,0,0,0,1
65417,5752,25840,71182,96238,859371,288295,3230250,10520,78741,46718,47683,0,0,0,0,0,0,0,0,1
16294,2247,9397,27521,34717,312481,72921,1174375,3178,19338,12113,0,0,0,0,0,0,0,0,0,1
6947413310,36510910,115999049,1820495,165641562,21839142553,30456276610,14483906267,281401259,7968710691,5168830562,461761738,13718309,24302137,36635420,18117,8061310453,2883,5231173549,24831275,1
32426,4295,12800,50877,68775,736585,150612,1600000,5897,39734,24418,0,0,0,0,0,0,0,0,0,1
17924,2350,10221,30786,37028,339963,83694,1278000,3566,22534,13932,24691,0,0,0,0,0,0,0,0,1
17872945,567202,573088,386882,1425756,78940166,158216140,76037250,470595,28406554,13031959,449816,14986,14411,55800,12053,0,0,0,0,1
14435,2216,9328,26271,35447,310204,79136,1165875,3418,20851,13018,23201,0,0,0,0,0,0,0,0,1
30812,4143,13943,49464,67015,673083,145218,1742875,5794,38311,24490,0,0,0,0,0,0,0,0,0,1
453360,59949,221212,603386,992138,8443288,2357171,27651750,80354,624430,405753,567033,0,0,0,0,0,0,0,0,1
71606003,451058,4452729,945172,2037877,263186922,394693744,555367065,246346,106592267,70908205,1011645,83095,34610,482768,9029,82153215,741,48403015,218924,1
9378184,299809,968756,893140,3647379,50239634,45972569,119679250,1002641,12262130,6960895,1588915,296529,474091,0,0,0,0,0,0,1
6901161647,36206539,115677088,1821443,159806351,21897461810,30308129246,14452208438,288967416,7918042818,5165633142,447706606,12104902,25290492,36399300,42856,7993863447,10398,5215244299,23642330,1
32626,4308,17744,54049,68337,590072,150690,2217875,6134,40292,25042,36820,0,0,0,0,0,0,0,0,1
16290,2156,9165,26593,34430,304819,72889,1145625,3265,19331,12099,0,0,0,0,0,0,0,0,0,1
16440,2247,9824,25322,35736,326757,73878,1228250,3214,19465,12195,0,0,0,0,0,0,0,0,0,1
16621,2195,8555,27966,35951,340901,75112,1069500,3159,19776,12424,0,0,0,0,0,0,0,0,0,1
16399,2039,8528,25070,33586,314151,73705,1066125,3300,19425,12181,0,0,0,0,0,0,0,0,0,1
16443,2037,9233,26435,34677,307000,73900,1153750,3256,19472,12198,0,0,0,0,0,0,0,0,0,1
16291,2260,9247,26275,36004,307558,72906,1156125,3433,19334,12109,0,0,0,0,0,0,0,0,0,1
285351,33715,130431,336418,568532,4559094,1446896,16396000,46128,383526,236341,334704,25087,6836,0,0,0,0,0,0,1
36437,4504,17558,48051,65099,605395,157947,2195250,5776,41440,26506,0,0,0,0,0,0,0,0,0,1
31423,3180,8123,31157,52894,711934,154068,1015250,5038,42548,26066,0,0,0,0,0,0,0,0,0,1
16955,2288,8845,26297,35621,322528,76472,1105500,3476,20522,12639,0,0,0,0,0,0,0,0,0,1
31097,4324,13966,50033,69583,634568,146223,1745625,5988,38730,24682,0,0,0,0,0,0,0,0,0,1
53072,5796,23941,63624,94889,837506,261668,2992625,10088,71235,43311,0,0,0,0,0,0,0,0,0,1
5713649,117265,853338,381605,1244562,28547906,36580601,107047375,757013,10243886,5922589,2946338,87069,55010,112185,3571,0,0,0,0,1
5716507,106937,716574,300570,1220003,25616126,32854598,92458875,659918,9129046,5282117,2541655,96187,49185,92845,0,0,0,0,0,1
41818,5606,23979,64971,92527,797519,266648,2997625,10132,72440,44225,57230,0,0,0,0,0,0,0,0,1
16292,2164,9366,28320,34249,311459,72909,1170750,3170,19333,12104,0,0,0,0,0,0,0,0,0,1
9072,2212,9582,25788,35369,318652,77002,1197750,3512,20563,12845,21974,0,0,0,0,0,0,0,0,1
16948,2373,9190,25292,36338,321962,76422,1149250,3370,20395,12744,0,0,0,0,0,0,0,0,0,1
16325,2232,9841,28245,37166,327290,73026,1230250,3228,19364,12117,0,0,0,0,0,0,0,0,0,1
30692,4035,17480,52159,66187,581391,144287,2185250,5672,38223,24004,0,0,0,0,0,0,0,0,0,1
2702045,119571,508443,431602,1401458,17449017,16215111,63317000,308708,4465612,2268105,652414,110502,30854,79692,0,0,0,0,0,1
5217464,101547,781355,334702,1104704,26063746,33033194,97833250,654975,9200234,5325983,2669109,89531,48298,104597,4240,0,0,0,0,1
1776081042,8958609,34784002,7620658,589434117,5737096459,10482904518,4349433210,255739670,1758783993,588939039,201843380,36096390,6892212,9052862,395266,1761404520,42379,625912551,5984695,1
9907642,209726,1653549,721258,2703779,55050594,62266060,206494000,1371542,17720505,9945728,4936272,220020,116413,221444,23764,0,0,0,0,1
16489,2218,9367,27181,36702,311512,74198,1171000,3354,19656,12330,0,0,0,0,0,0,0,0,0,1
16633,2048,8949,25846,33939,297585,75167,1118625,3236,19784,12429,0,0,0,0,0,0,0,0,0,1
18675,2454,8576,29808,38796,411090,83597,1072250,3655,22065,13906,0,0,0,0,0,0,0,0,0,1
31323,4195,17727,49792,68607,589631,148055,2216625,5973,39218,24599,0,0,0,0,0,0,0,0,0,1
607483,14268,27226,70156,233747,3691894,3281344,3403125,46692,909066,489493,0,0,0,0,0,0,0,0,0,1
16626,2132,7785,23664,34513,340871,75141,973250,3227,19783,12410,0,0,0,0,0,0,0,0,0,1
8161318,180275,1419409,485937,2274330,47931871,60325098,179478355,1218512,17053127,9912760,4702515,169863,115008,185748,6723,0,0,0,0,1
16455,2256,7623,23758,35881,370649,73953,953000,3278,19485,12202,0,0,0,0,0,0,0,0,0,1
30390,4179,18048,55927,68821,600206,142476,2256125,5844,37680,24035,0,0,0,0,0,0,0,0,0,1
16550,2112,8857,23370,35258,294539,74709,1107125,3321,19571,12256,0,0,0,0,0,0,0,0,0,1
16430,2245,8140,26962,36608,344969,73822,1017500,3213,19457,12185,0,0,0,0,0,0,0,0,0,1
14863035,1534104,4778645,2865242,65011121,841051761,588137083,615499747,24471245,127803100,77563407,780745,19099910,929940,3334723,2605107,112355066,555622,100408620,265,1
38553,3306,10652,31298,53749,542282,198490,1331625,5176,54227,32477,0,0,0,0,0,0,0,0,0,1
16943,2222,9327,25947,34855,310156,76355,1165625,3261,20379,12735,0,0,0,0,0,0,0,0,0,1
30587,3148,10243,32262,52232,528964,149513,1280625,4854,40978,25237,0,0,0,0,0,0,0,0,0,1
30474,4260,17406,55077,69363,614447,143202,2176125,5659,37636,24052,0,0,0,0,0,0,0,0,0,1
8000488,321080,1414169,889627,3704594,47093492,45918907,176869000,1006925,12241991,6950279,1780133,227717,361277,0,0,0,0,0,0,1
17336,2268,9801,26370,35442,326015,78042,1225375,3302,20768,12937,0,0,0,0,0,0,0,0,0,1
17076,2234,9282,25823,35980,308709,77294,1160125,3515,20720,12791,0,0,0,0,0,0,0,0,0,1
16604,2262,9005,25685,35164,299578,75058,1126000,3296,19760,12403,0,0,0,0,0,0,0,0,0,1
34333,3205,11037,29254,52611,543272,172155,1379750,5228,47523,28730,0,0,0,0,0,0,0,0,0,1
17240,2333,9263,24812,37224,308035,78166,1157750,3472,20961,12915,0,0,0,0,0,0,0,0,0,1
14507,2360,6792,27429,37190,408073,78288,848750,3441,20873,13068,24678,0,0,0,0,0,0,0,0,1
111413888,1850604,5665314,3860174,18549368,641215084,853527595,715547741,11797985,236928460,158577745,61443838,1202488,1875237,1965644,41968,255610619,5528,135704265,1184404,1
18476,2449,9799,29831,38532,344168,82271,1225125,3478,21737,13676,0,0,0,0,0,0,0,0,0,1
16427,2282,9614,28189,36766,319791,73829,1202000,3257,19456,12187,0,0,0,0,0,0,0,0,0,1
16625,2288,9807,27297,36178,326030,75136,1225625,3190,19783,12413,0,0,0,0,0,0,0,0,0,1
16626,2161,9016,24107,34517,329216,74690,1126875,3177,19865,12472,0,0,0,0,0,0,0,0,0,1
17815,2462,7354,29047,37204,399564,81308,919000,3376,21894,13512,0,0,0,0,0,0,0,0,0,1
21975,2769,11255,30502,41415,374265,96959,1406875,4209,25988,15668,25390,0,0,0,0,0,0,0,0,1
17270,2246,8559,26122,36484,330150,78538,1069875,3542,21078,13009,0,0,0,0,0,0,0,0,0,1
32258,3299,11500,28574,50152,477918,164928,1437875,5222,45073,27210,0,0,0,0,0,0,0,0,0,1
3000252,24406,64987,111525,352782,8970122,10965516,8122875,65826,2093794,824498,0,0,0,0,0,0,0,0,0,1
51436,7397,30084,96567,126003,1063786,261352,3760250,10603,70125,43684,78184,0,0,0,0,0,0,0,0,1
17479,2418,9881,25714,37560,328633,79892,1235375,3426,21255,13166,0,0,0,0,0,0,0,0,0,1
16294,2220,9334,26093,35703,310402,72909,1166875,3233,19332,12107,0,0,0,0,0,0,0,0,0,1
51975,5751,24502,63469,93826,814870,255349,3063250,9980,69344,42349,0,0,0,0,0,0,0,0,0,1
118989,14823,64849,204418,261513,2183940,569235,8106250,20657,152352,94810,82512,0,0,0,0,0,0,0,0,1
16419,2302,8367,28408,34831,339530,73811,1046000,3156,19452,12188,0,0,0,0,0,0,0,0,0,1
172472,24214,91343,232187,413007,3037621,879241,11417500,33453,232729,150226,0,0,0,0,0,0,0,0,0,1
16398,2215,9302,25831,34895,309301,73720,1162625,3140,19432,12181,0,0,0,0,0,0,0,0,0,1
16277,2091,7130,23755,34129,381246,72857,890875,3263,19326,12089,0,0,0,0,0,0,0,0,0,1
16404,2103,6558,24665,35389,402135,73739,819750,3329,19434,12176,0,0,0,0,0,0,0,0,0,1
35510,4372,18264,52062,70981,607507,149738,2283500,6020,39961,24953,37742,0,0,0,0,0,0,0,0,1
80620,10325,42945,135075,174289,1451511,387581,5368250,14169,103319,64374,0,0,0,0,0,0,0,0,0,1
16284,2135,7490,24735,34742,394052,72861,936500,3202,19324,12099,0,0,0,0,0,0,0,0,0,1
16497,2166,9473,28219,35970,315007,74219,1184375,3278,19655,12336,0,0,0,0,0,0,0,0,0,1
16292,2200,9386,29109,36527,312173,72891,1173250,3237,19331,12101,0,0,0,0,0,0,0,0,0,1
16285,2045,8582,24576,35239,315207,72866,1072500,3101,19324,12098,0,0,0,0,0,0,0,0,0,1
16305,2148,9193,25940,35189,305640,72960,1148625,3177,19350,12106,0,0,0,0,0,0,0,0,0,1
16948671525,48355047,239324626,2205121,92908049,45611931262,74035178915,29914025379,53547323,20011730987,12977824062,760180576,21088762,325641,48351741,250,20024027768,1004,13005155042,37606406,1
16763,2329,8760,26249,36782,331503,75693,1095000,3396,20011,12555,0,0,0,0,0,0,0,0,0,1
16424,2271,9619,26835,36413,319846,73839,1201875,3252,19462,12184,0,0,0,0,0,0,0,0,0,1
17059,2344,9915,25632,38264,329839,77183,1239875,3398,20452,12865,0,0,0,0,0,0,0,0,0,1
31294,4469,18458,57695,70785,613821,146909,2307250,6061,38859,24338,0,0,0,0,0,0,0,0,0,1
16485,2237,8974,27940,36150,340975,74175,1121625,3276,19648,12326,0,0,0,0,0,0,0,0,0,1
9244813,181836,1438041,624304,2430316,53098823,66263499,180271375,1328264,18533827,10770082,5141567,207209,114914,237692,0,0,0,0,0,1
16385,2246,8395,22545,35616,311440,73671,1049500,3059,19417,12163,0,0,0,0,0,0,0,0,0,1
16283,2078,9432,31019,35312,313652,72861,1179000,3305,19320,12100,0,0,0,0,0,0,0,0,0,1
16605,2266,9090,25560,34501,302279,75058,1136250,3176,19762,12404,0,0,0,0,0,0,0,0,0,1
19825,2572,9505,28392,38334,356763,91450,1188250,3750,24520,15045,0,0,0,0,0,0,0,0,0,1
16433,2338,9166,26316,36243,304791,73868,1145500,3142,19467,12192,0,0,0,0,0,0,0,0,0,1
11477291102,42591728,336993729,16671878,1540219732,60350121625,55237408862,42084479483,869505118,11576962832,6568099904,768301175,103843044,49890246,45311488,1342493,11644906597,142696,6628024341,28636562,1
22311565,74391,28460992,17742804,118348622,5202258676,1036593445,3568911912,46283738,148999898,141375624,677575,39641972,433424,70119,6347,249170565,1677,209124331,23748,1
41722,5665,23983,63249,93268,797606,258950,2997625,10169,70649,42953,58670,0,0,0,0,0,0,0,0,1
42033,4910,18143,51679,79967,686189,208000,2267750,7098,55966,34332,0,0,0,0,0,0,0,0,0,1
16457648,316499,2770856,1092502,4744244,92454130,103889942,347002625,2231060,28768691,16362331,7826036,431204,202688,344076,42371,31442632,14386,23720994,81902,1
7797519425,31314463,121228478,7001780,194269110,22302073891,32561883865,15150589584,357482547,8245706975,5168394544,522236086,11592745,30149271,30284157,330356,8446742316,66559,5371293610,18465784,1
30266,4088,13723,49915,67658,695116,141569,1715500,5731,37533,23508,0,0,0,0,0,0,0,0,0,1
29328,4054,16259,48608,66518,544042,137962,2032750,5800,36736,22876,0,0,0,0,0,0,0,0,0,1
51733,5452,21148,59887,90442,826279,254393,2643750,9817,69027,42190,0,0,0,0,0,0,0,0,0,1
17006,2240,9680,27295,36939,321849,76364,1210000,3453,20251,12688,0,0,0,0,0,0,0,0,0,1
17689,2423,9821,27670,37505,326585,80769,1227875,3366,21187,13289,0,0,0,0,0,0,0,0,0,1
19238,2625,10943,32071,40781,363944,86886,1368250,3598,22823,14439,0,0,0,0,0,0,0,0,0,1
16409,2266,9261,27823,36594,307933,73752,1157375,3239,19440,12168,0,0,0,0,0,0,0,0,0,1
6740329519,37569871,114338676,1334700,150418392,21571229382,29722016129,14302683087,281834224,7761526030,5015006686,453292565,13176110,22717862,37463894,39149,7805099965,11916,5056814280,25767429,1
72213,6039,26448,68754,100277,883316,295187,3305750,11074,81203,48851,55688,0,0,0,0,0,0,0,0,1
32536,4264,17791,55696,67124,591735,149939,2224125,6109,39896,24924,34799,0,0,0,0,0,0,0,0,1
31804,4139,16148,44172,67262,554485,145900,2018375,6015,38737,24662,36267,0,0,0,0,0,0,0,0,1
35811,3055,7992,31811,51609,632878,180112,998750,5267,49174,29565,0,0,0,0,0,0,0,0,0,1
12461014902,105008923,229513312,83939,534187792,42642111172,55172433425,28679405365,133750664,16446573025,9828752718,120664455,37702483,140540694,105005295,42205,16445622692,1631,9822328718,93263630,1
29538,4251,16215,52502,66738,582837,139347,2027125,5649,36927,23006,0,0,0,0,0,0,0,0,0,1
16488,2088,6207,28496,35685,417701,74202,775875,3338,19655,12326,0,0,0,0,0,0,0,0,0,1
36806,4486,15049,44747,64088,631104,160380,1880750,5835,41859,26775,0,0,0,0,0,0,0,0,0,1
39012,3234,8470,31366,52820,700910,201355,1058625,5458,55133,33001,0,0,0,0,0,0,0,0,0,1
16320,2187,9719,29020,35552,323233,72996,1214875,3182,19351,12118,0,0,0,0,0,0,0,0,0,1
275223,55723,194523,444909,1037421,7676703,2762528,24315375,88785,762065,481860,600300,47504,0,0,0,0,0,0,0,1
16413,2213,9514,26410,34427,316333,73780,1189250,3057,19447,12178,0,0,0,0,0,0,0,0,0,1
39609796,721868,4702456,2393125,8656766,161567868,195468997,593348056,3339584,58140481,34014951,12998465,583099,311400,680164,42422,63041954,4824,40550613,394053,1
19717855893,42565893,467157912,7328422,2094320796,87440653306,101205992041,58395789301,1189288291,26920733235,17065540031,247597393,112626727,659584784,42403709,4967,26934817898,741,17071025790,20250287,1
16462,2133,9823,30132,34393,326634,74102,1227625,3088,19631,12322,0,0,0,0,0,0,0,0,0,1
18717,2552,10456,31277,39699,347791,84124,1307375,3423,21967,13830,0,0,0,0,0,0,0,0,0,1
16272,2241,9227,29409,35812,306835,72825,1153250,3259,19319,12088,0,0,0,0,0,0,0,0,0,1
16299,2109,8386,24878,33913,325604,72926,1048000,3246,19335,12107,0,0,0,0,0,0,0,0,0,1
86295098,2800322,2329955,505009,31532028,409562504,420711081,296696478,8069676,113515535,59036666,14710574,1932967,1743835,2936385,69086,132289216,83823,69400582,183570,1
16298,2175,9412,29228,35797,324606,72922,1176625,3280,19341,12098,0,0,0,0,0,0,0,0,0,1
16486,2177,9104,25889,34618,302769,74172,1138000,3312,19646,12330,0,0,0,0,0,0,0,0,0,1
16308,2203,7518,24666,35731,373301,72956,939750,3299,19344,12116,0,0,0,0,0,0,0,0,0,1
16363,2281,9725,28668,36741,323405,73457,1215250,3200,19396,12151,0,0,0,0,0,0,0,0,0,1
16660,2248,9549,26295,34272,317611,74442,1193875,3217,19688,12311,0,0,0,0,0,0,0,0,0,1
16283,2251,8510,25629,35120,316936,72869,1063750,3228,19324,12106,0,0,0,0,0,0,0,0,0,1
16261,2096,9166,26604,34730,304719,72774,1146000,3288,19305,12082,0,0,0,0,0,0,0,0,0,1
21686964,33807,25640571,15875696,110491698,4579708566,1097004109,3165151004,43358536,156179256,143850402,732638,33556471,279190,61401,5248,146216159,664,138587158,16145,1
15846283,296995,2382364,672238,4210997,84532877,101054032,296928125,2049552,28257299,16132258,8059896,319107,181767,302650,11790,0,0,0,0,1
16879,2048,6995,26953,34569,399827,76483,874375,3428,20100,12621,0,0,0,0,0,0,0,0,0,1
16298,2121,9010,26898,33833,299637,72935,1126250,3160,19339,12118,0,0,0,0,0,0,0,0,0,1
9923800499,41811631,213299660,11676619,1045728397,38682418143,46350752227,26631174160,668725438,10023893682,6009644058,622885324,64836992,35910511,41605224,686342,10294710308,83237,6258905434,28324431,1
6970852579,36821351,116668154,2011791,133947720,21667660897,30226366334,14578202898,295863771,7889248046,5142805794,441450484,10943975,23993454,36648356,67902,8045973665,21990,5257715754,23670489,1
16481,2142,7018,22810,34959,359770,74141,877250,3278,19635,12334,0,0,0,0,0,0,0,0,0,1
30522,4109,12203,52387,66765,895210,143273,1525375,5886,37853,23668,0,0,0,0,0,0,0,0,0,1
16270,2180,9356,27087,35507,311089,72812,1169375,3201,19309,12095,0,0,0,0,0,0,0,0,0,1
32232,4421,18283,52476,71082,611811,153935,2285500,6028,40640,25365,0,0,0,0,0,0,0,0,0,1
16413,2177,8834,21501,34744,298402,73766,1104625,3185,19441,12178,0,0,0,0,0,0,0,0,0,1
51722,5724,23725,65000,93983,816352,254277,2965750,9820,69093,42278,0,0,0,0,0,0,0,0,0,1
20638,2616,10983,29398,39572,365257,92470,1373000,3843,24720,15098,24351,0,0,0,0,0,0,0,0,1
995471300,178726,191483959,164140,2135518,33156006140,115948892041,23934143664,954020,7692878740,2198179380,2768666,192477,98981,229358,7656,7748845670,9978,2213546782,325671,1
18253,2407,10214,28053,38495,339745,83020,1276625,3681,22401,13861,21409,0,0,0,0,0,0,0,0,1
1148298,40574,269714,176884,470746,9560274,11758868,34511875,217011,3162244,1858548,953836,33032,20068,43018,0,0,0,0,0,1
16549,2111,9052,25403,35012,301007,74706,1131250,3118,19569,12262,0,0,0,0,0,0,0,0,0,1
7526282,321152,1413602,851771,3713375,47225946,46118630,177509875,1006087,12300275,6980946,1726901,225323,310754,355456,0,0,0,0,0,1
59331,3424,11789,36534,56673,721158,301597,1473625,6839,83900,45869,0,0,0,0,0,0,0,0,0,1
30390,3121,8873,32935,50863,534151,147828,1108875,4755,40692,24567,0,0,0,0,0,0,0,0,0,1
50318,4528,15270,48113,64752,680670,162540,1909000,5923,42777,27330,36761,0,0,0,0,0,0,0,0,1
16270,2164,9162,26640,34509,304718,72814,1145250,3295,19312,12085,0,0,0,0,0,0,0,0,0,1
29966,3232,10965,31147,52525,526223,145482,1370500,4806,39957,24634,0,0,0,0,0,0,0,0,0,1
31087,4137,16177,50051,68417,589877,146057,2022125,6021,38823,24406,0,0,0,0,0,0,0,0,0,1
16291,2195,9259,27098,35494,307930,72913,1157250,3372,19337,12097,0,0,0,0,0,0,0,0,0,1
13367155,233432,1610034,494772,6550210,178408868,321098475,201535540,3288648,116016498,46851842,3052714,222067,93873,273061,1802,155854062,447,53062862,0,1
16824,2161,9417,26814,35620,313179,76491,1177125,3255,20114,12658,0,0,0,0,0,0,0,0,0,1
18431,2406,9971,28740,37851,331524,82112,1246125,3405,21703,13649,0,0,0,0,0,0,0,0,0,1
1083634777,1793091,11078415,3103852,12932160,1789169818,4736754986,1385841116,10731982,407618970,938012969,35269209,825363,2053442,1701818,25846,455148818,2063,1091701076,641205,1
32705,4349,17127,46524,67853,569570,152578,2140750,5869,40247,24799,0,0,0,0,0,0,0,0,0,1
6997378512,36834403,116840412,1794627,130443732,21761002729,30439875381,14602349081,286169237,7957946366,5192181168,451326073,10199331,20332628,37164238,45505,8091028098,9522,5280379605,24286071,1
17151,2162,9518,27007,35914,316459,77945,1189625,3495,20796,12838,0,0,0,0,0,0,0,0,0,1
30750,4055,16848,48787,65612,560249,144805,2106125,5775,38209,24454,0,0,0,0,0,0,0,0,0,1
51668,7897,32354,103861,140601,1136904,270808,4043750,11745,73490,43755,0,0,0,0,0,0,0,0,0,1
9906164,199945,1575529,631011,2231158,63970572,87571648,196454607,1718514,23627690,13698664,6562015,228311,138347,271620,10585,18242289,598,10799927,139153,1
16274,2233,9386,27367,35998,312114,72845,1173375,3269,19323,12093,0,0,0,0,0,0,0,0,0,1
22298,2809,11457,29793,40536,380957,102652,1431875,4283,27358,16859,0,0,0,0,0,0,0,0,0,1
17181,2303,9387,28103,37553,312129,77991,1173250,3527,20778,12841,0,0,0,0,0,0,0,0,0,1
16897,2168,9417,28914,34858,313118,76194,1176750,3249,20338,12699,0,0,0,0,0,0,0,0,0,1
16408,2112,9051,26996,34122,301064,73750,1131750,3287,19439,12175,0,0,0,0,0,0,0,0,0,1
17351,2432,9040,26474,37651,344922,78872,1130000,3511,21144,13050,0,0,0,0,0,0,0,0,0,1
725915,62972,245127,256268,1389779,18905472,8302372,30640625,315226,1830493,1103677,0,0,0,0,0,0,0,0,0,1
19486,2559,10311,27497,37743,342877,89821,1288750,3718,23929,14680,0,0,0,0,0,0,0,0,0,1
51341,5604,23334,67150,91357,795786,252408,2916750,9720,68785,41793,0,0,0,0,0,0,0,0,0,1
16301,2237,9502,27680,35299,330831,72941,1187375,3151,19343,12114,0,0,0,0,0,0,0,0,0,1
16324,2109,9066,25932,33017,301466,73029,1133125,3229,19363,12121,0,0,0,0,0,0,0,0,0,1
16399,2159,9774,28784,35466,324972,73727,1221750,3157,19435,12177,0,0,0,0,0,0,0,0,0,1
39972,3045,10324,30410,50662,549316,208017,1290250,5156,56630,34073,0,0,0,0,0,0,0,0,0,1
16974,2278,9782,27682,36759,325306,76556,1222750,3320,20423,12748,0,0,0,0,0,0,0,0,0,1
17671,2272,7642,28736,36018,414863,80116,955375,3487,21161,13212,0,0,0,0,0,0,0,0,0,1
16280,2147,8356,26674,34621,310022,72853,1044125,3147,19322,12098,0,0,0,0,0,0,0,0,0,1
700267581,9784779,681135390,410147362,3066631565,124284631911,40130897135,85096675279,1147419949,5293882198,4906926363,30001128,916004551,11736015,11199571,133019,5017812562,67740,4687149070,695324,1
16813690,230428,1440637,618235,3439823,73983032,89104927,178961560,1773498,25395170,14481234,7755775,290603,150831,328174,7200,31801727,672,20012278,270069,1
12744630658,107525573,225981297,92865,472724621,42080825807,57886721292,28252458888,119496176,16810909992,10285208960,1742623,36634002,124265297,107416481,99766,16797331310,1348,10281057130,75543940,1
16580,2111,8724,22771,34122,290167,74847,1090500,3293,19603,12276,0,0,0,0,0,0,0,0,0,1
16273,2176,8625,24819,34808,320041,72820,1078000,3196,19314,12090,0,0,0,0,0,0,0,0,0,1
16619,2101,8813,26070,34891,314192,75115,1101625,3212,19776,12406,0,0,0,0,0,0,0,0,0,1
31205,3305,11301,33222,55734,564913,151269,1412625,5200,41927,25768,0,0,0,0,0,0,0,0,0,1
8371339,172940,1290323,636900,2693425,57637027,70630654,161286000,1422078,19658504,11387701,5818947,235355,81759,186636,0,0,0,0,0,1
30607,4053,16604,50076,67079,555634,143877,2075750,5878,37949,24265,0,0,0,0,0,0,0,0,0,1
16407,2249,9812,30708,36484,326384,73755,1226750,3257,19443,12173,0,0,0,0,0,0,0,0,0,1
16675,2343,9425,28435,38141,313502,75007,1178250,3335,19935,12504,0,0,0,0,0,0,0,0,0,1
17729,2236,10249,31223,37460,340800,81201,1280875,3505,21655,13697,0,0,0,0,0,0,0,0,0,1
16884,2284,8946,18988,35802,300733,76281,1118125,3340,20263,12753,0,0,0,0,0,0,0,0,0,1
16277,2275,9347,27900,35690,310738,72835,1167875,3254,19317,12096,0,0,0,0,0,0,0,0,0,1
17282,2355,9740,30353,37309,323939,78611,1218000,3475,21094,13007,0,0,0,0,0,0,0,0,0,1
16296,2182,9677,27871,36928,321830,72913,1209750,3210,19333,12101,0,0,0,0,0,0,0,0,0,1
17111,2183,9418,24399,35014,477966,77131,1177125,3371,20347,12763,0,0,0,0,0,0,0,0,0,1
16805,2160,10132,26737,34485,557505,75497,1266625,3204,19838,12424,0,0,0,0,0,0,0,0,0,1
11032062,204003,1540594,631568,2484346,51534462,64933641,191585375,1307276,17458702,10181097,5212564,201519,100597,235800,9399,0,0,0,0,1
32370,4535,15213,45837,68316,648377,150312,1901625,6539,39661,24675,0,0,0,0,0,0,0,0,0,1
16409,2138,8742,23544,35212,290784,73755,1092875,3147,19440,12178,0,0,0,0,0,0,0,0,0,1
29735,3035,10298,31988,50648,498357,144147,1287250,4880,39532,24357,0,0,0,0,0,0,0,0,0,1
30782,4228,13636,52000,67407,739671,144765,1704500,5739,38186,23973,0,0,0,0,0,0,0,0,0,1
1475103,164924,598336,1435343,2881975,20544140,7856436,75234125,252272,2259401,1327911,1712488,118535,46558,163936,17848,0,0,0,0,1
15439,2321,9648,29875,38168,320784,77729,1205875,3447,20781,12991,23682,0,0,0,0,0,0,0,0,1
10863115,171487,1421547,387751,1825308,57389677,87646472,175695125,1183391,25115450,14554917,4904901,173783,111680,270012,15415,0,0,0,0,1
16421,2260,7217,26333,35684,412340,73805,901875,3190,19456,12179,0,0,0,0,0,0,0,0,0,1
16408,2227,8452,25940,35412,356876,73749,1056500,3205,19439,12176,0,0,0,0,0,0,0,0,0,1
17027,2397,8343,27076,36838,349815,76922,1043000,3448,20615,12738,0,0,0,0,0,0,0,0,0,1
16269,2232,9376,25528,36049,311787,72805,1171375,3159,19312,12087,0,0,0,0,0,0,0,0,0,1
16306,2301,8324,25376,34625,311094,72952,1040500,3093,19348,12112,0,0,0,0,0,0,0,0,0,1
16323152603,83765054,227335414,72920,471598982,42295374216,66447483385,28422218939,174403851,17043904277,10801157780,76201017,27073445,158150396,83708916,1424,17054899162,3005,10807547920,56829697,1
16301,2135,9464,26934,35400,314753,72946,1183250,3212,19342,12109,0,0,0,0,0,0,0,0,0,1
16292,2138,9657,28542,35529,321127,72904,1207125,3291,19336,12103,0,0,0,0,0,0,0,0,0,1
10933016546,42340155,240387219,14049689,1298844567,43824267332,51290071329,30020222812,763748259,10698157368,6215220795,646060000,76767088,41081405,41277403,840071,11014195301,112890,6421357352,28386660,1
6978416694,29498333,177331672,2583070,1001757893,33495961002,31920702886,22173595083,413654297,7899901262,5115329136,551258687,43336140,189278854,29613225,33820,7973637640,6989425,5141072380,19996560,1
16466,2239,9382,27844,36728,311995,74099,1172750,3310,19630,12317,0,0,0,0,0,0,0,0,0,1
17339,2254,10121,29096,37218,336568,78472,1265250,3512,20996,13124,0,0,0,0,0,0,0,0,0,1
40428052,686338,2988730,1948177,10000309,231252425,248211359,374370951,5523803,78602486,44976679,20551960,1178827,537030,984515,126862,81752020,27697,44379093,588412,1
32101,4355,18310,55597,69285,608941,153738,2288750,6097,40376,25639,0,0,0,0,0,0,0,0,0,1
16621,2178,9045,26436,35422,300817,75115,1130625,3254,19772,12414,0,0,0,0,0,0,0,0,0,1
16280,2191,8360,23911,34473,299653,72869,1045250,3119,19327,12097,0,0,0,0,0,0,0,0,0,1
30258,3188,8636,35026,53024,613152,147115,1080125,5065,40506,24884,0,0,0,0,0,0,0,0,0,1
32363,4131,17949,52379,67783,646436,153146,2243500,6183,40904,25953,0,0,0,0,0,0,0,0,0,1
16259,2260,8229,23425,35452,307990,72765,1028625,3242,19295,12096,0,0,0,0,0,0,0,0,0,1
25398855,52801,26715304,16650579,116165996,4852916261,1074463905,3311396559,44873455,159359341,161726965,695729,38533365,402993,80575,5488,191232364,426,150664918,12089,1
9441182,426279,769640,1160133,5836441,77107719,62828135,96577625,1047839,16750984,9479586,3300703,228179,76508,0,0,0,0,0,0,1
7852,2316,8584,25886,36603,335914,77686,1072875,3499,20614,12878,23707,0,0,0,0,0,0,0,0,1
27819,4444,18873,57341,72240,627592,150951,2359125,6032,40004,25088,56925,0,0,0,0,0,0,0,0,1
170424665,13109028,3916507,1797848,9720916,713443639,544860535,495773479,4090994,97688366,64039563,1765813,276699,825045,15751453,33582,97770622,56914,61774856,23547,1
16322,2218,6561,25288,36537,387685,73028,820250,3300,19362,12116,0,0,0,0,0,0,0,0,0,1
16292,2245,9198,23432,35785,305975,72896,1150000,3246,19333,12106,0,0,0,0,0,0,0,0,0,1
16441,2089,6806,23486,35085,382091,73876,850875,3293,19468,12186,0,0,0,0,0,0,0,0,0,1
30788,3225,10540,32541,52608,540589,150335,1317625,5007,41355,25376,0,0,0,0,0,0,0,0,0,1
29449,3915,14668,49589,65265,594400,140393,1833875,5648,37725,23727,0,0,0,0,0,0,0,0,0,1
16745,2162,6644,26831,35013,380634,75985,830625,3270,19886,12485,0,0,0,0,0,0,0,0,0,1
1127441845,1441875,1414991771,913681159,6326966252,257686834482,165468596549,176848732834,2399011800,10899712133,9419401264,9865292,1742686529,19323057,383433,8370,11087161245,23623,9534799624,170578,1
201809,28515,97248,269702,486277,3770517,1034237,12156375,38849,273541,177301,0,0,0,0,0,0,0,0,0,1
16283,2294,9779,28491,35918,325133,72878,1222375,3237,19328,12112,0,0,0,0,0,0,0,0,0,1
543034,13116,30286,62048,242940,3774415,3171502,3786125,50256,879454,473434,196239,0,0,0,0,0,0,0,0,1
16649,2137,7073,26136,35594,372317,74827,884375,3353,19908,12499,0,0,0,0,0,0,0,0,0,1
17388,2348,9155,26654,37533,328324,79443,1144625,3492,21149,13093,0,0,0,0,0,0,0,0,0,1
7066123258,35640960,116504898,2606176,170792750,21664717721,30557685228,14551256227,286012923,7988014829,5229151432,454564431,11235122,25865896,35738132,56875,8170787837,10460,5356735900,24203763,1
16489,2246,6984,27061,35689,366794,74209,872750,3182,19657,12327,0,0,0,0,0,0,0,0,0,1
16414,2200,7344,24912,35946,422324,73752,918125,3369,19439,12181,0,0,0,0,0,0,0,0,0,1
16800,2328,9537,27321,37616,317170,75828,1192125,3426,20044,12574,0,0,0,0,0,0,0,0,0,1
31725,4307,16883,57492,69401,606803,150049,2110125,5761,39563,24792,0,0,0,0,0,0,0,0,0,1
16452,2208,10060,29210,35054,334550,73928,1257500,3218,19481,12198,0,0,0,0,0,0,0,0,0,1
11711649380,109451563,225359951,77222,527857150,41971539178,51920885798,28187431466,142320202,15471119269,9255109238,115325358,39439009,133460284,109413431,59153,15452895462,1659,9244371683,95815214,1
16304,2104,7226,22505,35456,352594,72942,903125,3339,19345,12106,0,0,0,0,0,0,0,0,0,1
17324,2191,10474,28758,36165,348288,78045,1308875,3514,20761,13023,0,0,0,0,0,0,0,0,0,1
6967120461,36113875,116385652,1625200,172920194,21937275505,30455923276,14551144825,289131202,7956070220,5192675325,449062747,12352980,25803467,36346383,40696,8050379749,9734,5256551662,23248703,1
2085233,46627,311656,228829,597813,10453349,12161958,38957125,251327,3276795,1912010,996216,43042,0,0,0,0,0,0,0,1
16355,2241,9061,26931,36588,301403,73208,1133125,3272,19414,12151,0,0,0,0,0,0,0,0,0,1
16308,2268,8803,24979,35475,305137,72948,1100625,3294,19342,12114,0,0,0,0,0,0,0,0,0,1
14221786,277460,2155851,738080,3569543,75644541,98012978,268915000,2009414,27447383,15664767,7807082,304843,228053,390030,20900,0,0,0,0,1
16277,2198,8083,30142,36089,345835,72854,1010125,3221,19325,12091,0,0,0,0,0,0,0,0,0,1
16410,2238,8880,24190,36050,295330,73772,1110125,3346,19446,12177,0,0,0,0,0,0,0,0,0,1
16926,2335,9505,25770,36686,316086,76286,1188125,3256,20352,12707,0,0,0,0,0,0,0,0,0,1
16286,2249,10295,25128,36260,342274,78893,1286750,3559,21114,13233,25422,0,0,0,0,0,0,0,0,1
7085530770,34445562,116309516,2960867,145327023,21538440248,30429524691,14526397434,289627828,7955017378,5226977420,436908391,11099387,21323270,34759648,55759,8158966488,11980,5366995918,23461124,1
16296,2164,8950,26606,34298,297645,72924,1118625,3249,19339,12106,0,0,0,0,0,0,0,0,0,1
16728,2129,9272,23409,33095,308386,75148,1159375,3121,19766,12356,0,0,0,0,0,0,0,0,0,1
16263,2185,8886,27712,35076,329315,72796,1110875,3107,19310,12091,0,0,0,0,0,0,0,0,0,1
16959,2195,8346,25969,37293,354733,76458,1043250,3356,20401,12739,0,0,0,0,0,0,0,0,0,1
6876194948,30740076,115868009,1278583,157144668,22111415235,30240024137,14482423210,298147131,7512134295,5024434278,533980641,14894614,28435284,30818476,23581,7519139070,3090,5031971770,22625258,1
18575,2558,10320,28907,39559,346606,83120,1289875,3565,21836,13742,0,0,0,0,0,0,0,0,0,1
8004739,321574,1414037,898732,3726962,47091993,46088822,177007250,1008544,12291655,6977208,1773311,230792,473627,270506,0,0,0,0,0,1
806679798,8490334,675812188,402157944,3092247926,123492206943,40366016252,84459362632,1156425486,5225110639,4865597216,31021074,924763114,11743702,10438509,88820,5074680433,68709,4788750830,151719,1
16773,2284,9526,27612,36924,316865,75761,1190875,3342,20025,12574,0,0,0,0,0,0,0,0,0,1
16280,2173,9278,25958,37224,312026,72842,1159625,3289,19321,12096,0,0,0,0,0,0,0,0,0,1
696179,18791,46627,111722,315250,5393577,3754337,5828625,60599,1033784,561854,0,0,0,0,0,0,0,0,0,1
16405,2165,9800,27237,35008,325866,73755,1224875,3303,19443,12165,0,0,0,0,0,0,0,0,0,1
16385,2104,8883,25571,33778,295391,73570,1110000,3190,19416,12164,0,0,0,0,0,0,0,0,0,1
39637,3071,10370,29392,49650,542670,206269,1296625,5032,56281,33800,0,0,0,0,0,0,0,0,0,1
16733,2177,8549,24929,34094,310628,75294,1068750,3367,19999,12551,0,0,0,0,0,0,0,0,0,1
31446,4313,18375,58064,70662,623461,148961,2297250,5978,39498,25122,32405,0,0,0,0,0,0,0,0,1
6632637513,37009335,114614200,1078841,163449764,21679905674,29372120136,14321898850,281639118,7680730493,4965226865,475692675,10946824,27419368,36943497,29356,7728112208,7940,5003439561,26343034,1
16459,2237,9023,25808,34670,299977,73948,1127750,3318,19484,12202,0,0,0,0,0,0,0,0,0,1
16291,2227,9605,28731,37253,319419,72900,1200625,3171,19337,12100,0,0,0,0,0,0,0,0,0,1
88555765,138346,52039718,8717944,414466995,9655814197,10045844567,6516058941,157867107,1063528770,659543977,600810,111274739,708685,41351,637,999183944,1166,641832165,10629,1
37966,4899,21279,62135,87975,707696,186581,2660000,8016,50370,30557,0,0,0,0,0,0,0,0,0,1
16283,2191,9249,26378,35081,307583,72888,1156375,3236,19331,12100,0,0,0,0,0,0,0,0,0,1
16638,2246,9324,25839,35509,310074,75188,1165750,3239,19790,12422,0,0,0,0,0,0,0,0,0,1
6966410229,35792097,116596367,2621715,140627700,21532370874,30228873437,14566251785,291079130,7896726112,5162209500,437436940,11325318,23538181,35879985,66216,8072862463,13856,5295421472,24174899,1
10130239,325820,2293328,1310725,4550452,97050198,116227772,287643081,2467895,33428824,19229102,9642387,333419,230904,434618,22101,0,0,0,0,1
29849,3058,10711,32193,48722,515208,145841,1338750,4775,39979,24549,0,0,0,0,0,0,0,0,0,1
16893,2282,9186,27799,37111,348039,76564,1148125,3334,20122,12634,0,0,0,0,0,0,0,0,0,1
17505,2355,9716,28889,37477,323068,79807,1214250,3439,21456,13281,0,0,0,0,0,0,0,0,0,1
16429,2150,9478,27369,35170,315207,73830,1184500,3303,19455,12192,0,0,0,0,0,0,0,0,0,1
16502,2235,9226,26950,36408,306835,74261,1153500,3204,19665,12342,0,0,0,0,0,0,0,0,0,1
401581,26305,110854,280961,443673,3802646,1470545,13857000,37703,395494,245760,297339,0,0,0,0,0,0,0,0,1
16487,2223,6168,25702,35387,400932,74184,770875,3326,19648,12325,0,0,0,0,0,0,0,0,0,1
17441938,308258,2548450,792428,3902847,84727728,103546478,317497200,2071187,29241156,16726252,8176482,281410,163071,340141,13872,29756833,1252,0,0,1
16284,2118,7064,26400,35289,431637,72877,882875,3204,19331,12092,0,0,0,0,0,0,0,0,0,1
16794,2338,9198,29726,37302,343689,75886,1149750,3358,20044,12593,0,0,0,0,0,0,0,0,0,1
17314,2277,8626,26597,37895,339396,78550,1078000,3391,20983,13069,0,0,0,0,0,0,0,0,0,1
16795,2268,9374,27381,35965,311714,74810,1171250,3299,19718,12302,0,0,0,0,0,0,0,0,0,1
16398,2339,9085,24441,35640,302220,73711,1136000,3294,19431,12165,0,0,0,0,0,0,0,0,0,1
29736255,58148,29547513,18457838,116110118,5391589664,1007209771,3699501951,46589672,151147701,140986492,371765,40441228,469765,82521,7418,229665338,2342,168748793,54899,1
29988,2660,8173,27130,43991,443374,153694,1022000,4398,41944,25074,0,0,0,0,0,0,0,0,0,1
61189,4020,19519,52935,65276,649143,306419,2439875,7562,84832,46798,0,0,0,0,0,0,0,0,0,1
31399,3186,10490,32366,51688,506091,153132,1311375,4982,42175,25595,0,0,0,0,0,0,0,0,0,1
13193,2261,9586,23495,38682,318749,77918,1198250,3574,20666,12920,23229,0,0,0,0,0,0,0,0,1
16303,1990,9187,24395,32811,305526,72944,1148375,3178,19344,12107,0,0,0,0,0,0,0,0,0,1
17553215,38023,647631,298367,827027,109173545,266141928,81700750,503182,61647089,42228604,201361,23364,202345,31434,3938,0,0,0,0,1
16294,2067,6947,28047,36091,398162,72930,868500,3289,19341,12099,0,0,0,0,0,0,0,0,0,1
16290,2165,9222,28429,35622,306631,72898,1152625,3230,19325,12113,0,0,0,0,0,0,0,0,0,1
8341794,341242,1463964,1109827,3947975,48918339,46681557,183871375,1026220,12440140,7067191,1880084,232177,460577,309143,9769,0,0,0,0,1
33218,4178,17451,51568,69046,580414,147722,2181625,6018,39127,24958,36633,0,0,0,0,0,0,0,0,1
16718,2291,7019,24058,35766,362978,75899,877125,3166,19861,12481,0,0,0,0,0,0,0,0,0,1
16641,2124,9300,25831,34034,309276,74792,1162500,3378,19889,12487,0,0,0,0,0,0,0,0,0,1
16273,2167,7116,26552,36391,366063,72820,889500,3367,19313,12093,0,0,0,0,0,0,0,0,0,1
